case,sample_size_each_rate,observed_defects_p1,observed_defects_p2,observed_defects_p_final,policy,posterior_mean_cost,posterior_mean_cost_mc_se,posterior_cost_q025,posterior_cost_q975,probability_ex_post_optimal,bayes_selected
1,100,10,10,10,0000,41.4365888245472,0.020075136750996914,36.65110478241673,47.70264115879685,0.0143,0
1,100,10,10,10,0001,inf,inf,inf,inf,0.0,0
1,100,10,10,10,0010,43.25100745767539,0.018303801155320716,38.88777200749761,48.96417282125595,0.0,0
1,100,10,10,10,0011,inf,inf,inf,inf,0.0,0
1,100,10,10,10,0100,43.278453284743705,0.018485856667796816,38.854180458446116,49.01929990006413,0.0,0
1,100,10,10,10,0101,inf,inf,inf,inf,0.0,0
1,100,10,10,10,0110,45.53231883787351,0.01729823736380166,41.38685263983688,50.890081643967676,0.0,0
1,100,10,10,10,0111,inf,inf,inf,inf,0.0,0
1,100,10,10,10,1000,39.83094577052834,0.015914496809854455,36.06367997053403,44.82830797410617,0.0538,0
1,100,10,10,10,1001,inf,inf,inf,inf,0.0,0
1,100,10,10,10,1010,42.084967466849854,0.014636947770807929,38.61973753279801,46.68156890391784,0.0,0
1,100,10,10,10,1011,inf,inf,inf,inf,0.0,0
1,100,10,10,10,1100,41.12492646231213,0.013270494108828423,37.97292545489483,45.28421800644354,0.0,0
1,100,10,10,10,1101,38.165851818891134,0.007523166763403348,36.343347028282125,40.502212136186,0.9319,1
1,100,10,10,10,1110,43.772224101606525,0.012570109142957465,40.786782546850596,47.68785924602501,0.0,0
1,100,10,10,10,1111,40.81314945818553,0.00704720972504976,39.117946481394135,43.01048087171115,0.0,0
2,100,20,20,20,0000,61.72654535729941,0.042739426346134195,51.45659943130635,74.98520707713072,0.0,0
2,100,20,20,20,0001,inf,inf,inf,inf,0.0,0
2,100,20,20,20,0010,61.75067370812592,0.03896830049206353,52.38689948148521,73.83945351150155,0.0,0
2,100,20,20,20,0011,inf,inf,inf,inf,0.0,0
2,100,20,20,20,0100,61.167386608668416,0.037790072337623805,52.05668773630421,72.91862344246302,0.0,0
2,100,20,20,20,0101,inf,inf,inf,inf,0.0,0
2,100,20,20,20,0110,62.41683315908327,0.035569947314117,53.83732745595553,73.4449699955018,0.0,0
2,100,20,20,20,0111,inf,inf,inf,inf,0.0,0
2,100,20,20,20,1000,53.45943443227886,0.03075598362958009,46.041304445479405,62.95068526757569,0.0,0
2,100,20,20,20,1001,inf,inf,inf,inf,0.0,0
2,100,20,20,20,1010,54.70866531888568,0.028352271681358874,47.88270098951282,63.448151798273784,0.0,0
2,100,20,20,20,1011,inf,inf,inf,inf,0.0,0
2,100,20,20,20,1100,51.86358380756304,0.02439530381801922,45.97012897370585,59.43322642059838,0.0,0
2,100,20,20,20,1101,44.364478116481905,0.012613618404439812,41.22198596242993,48.17452911284244,1.0,1
2,100,20,20,20,1110,54.086810528902944,0.023235223011466452,48.46457907955437,61.29110835108525,0.0,0
2,100,20,20,20,1111,46.587704837821796,0.011825813212444285,43.6525963074015,50.17456857523948,0.0,0
3,100,10,10,10,0000,50.8759963246421,0.03416765832349218,42.60648290685221,61.43258291225326,0.0,0
3,100,10,10,10,0001,inf,inf,inf,inf,0.0,0
3,100,10,10,10,0010,43.22682562179146,0.018262024276349265,38.80691327780032,48.869139142756055,0.0142,0
3,100,10,10,10,0011,inf,inf,inf,inf,0.0,0
3,100,10,10,10,0100,49.19485661024592,0.02817465467852854,42.496070060494546,57.99728756340721,0.0,0
3,100,10,10,10,0101,inf,inf,inf,inf,0.0,0
3,100,10,10,10,0110,45.504143017326506,0.017227043207096532,41.345887153980875,50.84303970029791,0.0,0
3,100,10,10,10,0111,inf,inf,inf,inf,0.0,0
3,100,10,10,10,1000,45.78683245548869,0.026201239478168208,39.49300693476967,54.01786616225504,0.0004,0
3,100,10,10,10,1001,inf,inf,inf,inf,0.0,0
3,100,10,10,10,1010,42.07665741694997,0.014648633243748453,38.540675400281565,46.665619802267024,0.003,0
3,100,10,10,10,1011,inf,inf,inf,inf,0.0,0
3,100,10,10,10,1100,43.92705843861636,0.01912265711778167,39.42847240345362,49.97922231868047,0.0,0
3,100,10,10,10,1101,40.97562879032213,0.012617604721006509,37.92668922089744,44.92238496151341,0.47025,0
3,100,10,10,10,1110,43.76115231428825,0.012543325987005534,40.75755984586768,47.70332386780599,0.0,0
3,100,10,10,10,1111,40.809722665994016,0.007074143499985281,39.0763534749402,42.996342769760474,0.51215,1
4,100,20,20,20,0000,85.4151427160826,0.07141047749355403,67.85578388205485,107.55792820673449,0.0,0
4,100,20,20,20,0001,inf,inf,inf,inf,0.0,0
4,100,20,20,20,0010,59.69748761176687,0.03693645387597622,50.61506062864907,71.15065252072475,0.0,0
4,100,20,20,20,0011,inf,inf,inf,inf,0.0,0
4,100,20,20,20,0100,71.0724232390825,0.05275703273712069,58.196906077198044,87.67911023934106,0.0,0
4,100,20,20,20,0101,inf,inf,inf,inf,0.0,0
4,100,20,20,20,0110,56.78761314627472,0.031686246772267744,49.02000105017815,66.65152549474021,0.0,0
4,100,20,20,20,0111,inf,inf,inf,inf,0.0,0
4,100,20,20,20,1000,65.36694306003827,0.04842708740390893,53.55845002797055,80.39746158612334,0.0,0
4,100,20,20,20,1001,inf,inf,inf,inf,0.0,0
4,100,20,20,20,1010,51.076459168195804,0.0260970539149867,44.71185853307034,59.150442276848295,0.0,0
4,100,20,20,20,1011,inf,inf,inf,inf,0.0,0
4,100,20,20,20,1100,53.22291621817291,0.03189012707421299,45.54969998404955,63.198549044409106,0.0,0
4,100,20,20,20,1101,46.74242527774143,0.020501104704089404,41.694255999000916,53.059495601982235,0.0,0
4,100,20,20,20,1110,48.020182615400806,0.020492131501320125,42.99323302655929,54.33596095273349,0.0,0
4,100,20,20,20,1111,41.53969167496932,0.010597057495872279,38.87480924674946,44.73099530218536,1.0,1
5,100,10,20,10,0000,49.67930440474149,0.029797422751584812,42.52691299666854,58.84784942176052,0.0,0
5,100,10,20,10,0001,inf,inf,inf,inf,0.0,0
5,100,10,20,10,0010,47.11524031953275,0.023524281119672218,41.46861552368569,54.353565332968834,5e-05,0
5,100,10,20,10,0011,inf,inf,inf,inf,0.0,0
5,100,10,20,10,0100,44.81696813006821,0.021772244965436616,39.55064286987994,51.679951681427106,0.5442,1
5,100,10,20,10,0101,inf,inf,inf,inf,0.0,0
5,100,10,20,10,0110,44.82604175898922,0.018849160299106476,40.27416847966852,50.718206275238096,0.2334,0
5,100,10,20,10,0111,inf,inf,inf,inf,0.0,0
5,100,10,20,10,1000,56.626693588411,0.029274932676530096,49.578918876417035,65.59343866996878,0.0,0
5,100,10,20,10,1001,inf,inf,inf,inf,0.0,0
5,100,10,20,10,1010,55.384200068270324,0.02447395610677007,49.500762964366444,62.899730497065434,0.0,0
5,100,10,20,10,1011,inf,inf,inf,inf,0.0,0
5,100,10,20,10,1100,49.56742782310094,0.01771590203795698,45.29954040011551,55.10932431128006,0.0,0
5,100,10,20,10,1101,45.77194484407495,0.010824894472828438,43.09655401896084,49.05552303607939,0.219,0
5,100,10,20,10,1110,50.627369745026776,0.01600206530463948,46.76299160657462,55.56844449343231,0.0,0
5,100,10,20,10,1111,46.83188676600078,0.009874394184646817,44.41301977974981,49.865273604887896,0.00335,0
6,100,5,5,5,0000,35.046221997631264,0.01336858577647603,31.896879974875652,39.23718332630833,0.62145,1
6,100,5,5,5,0001,inf,inf,inf,inf,0.0,0
6,100,5,5,5,0010,36.74823373490971,0.010905951554493603,34.17903366371435,40.16717587146206,0.0,0
6,100,5,5,5,0011,inf,inf,inf,inf,0.0,0
6,100,5,5,5,0100,37.296572241520984,0.01225080568763547,34.44578174118007,41.16879205315244,0.0006,0
6,100,5,5,5,0101,inf,inf,inf,inf,0.0,0
6,100,5,5,5,0110,39.45565963284627,0.010482493753236797,36.998522764686825,42.764402590495756,0.0,0
6,100,5,5,5,0111,inf,inf,inf,inf,0.0,0
6,100,5,5,5,1000,35.191289859581154,0.010948467795282624,32.659556049997654,38.685623076918084,0.3765,0
6,100,5,5,5,1001,inf,inf,inf,inf,0.0,0
6,100,5,5,5,1010,37.351551640735906,0.009075912628554032,35.25356199699903,40.24305492309653,0.0,0
6,100,5,5,5,1011,inf,inf,inf,inf,0.0,0
6,100,5,5,5,1100,37.17232645194823,0.009038486185072215,35.130978018660585,40.0967263510213,0.00145,0
6,100,5,5,5,1101,37.83820211837133,0.010823846464595083,35.43020498018935,41.36923252478928,0.0,0
6,100,5,5,5,1110,39.7644322697083,0.00794195039490407,37.94837126512501,42.30918784940779,0.0,0
6,100,5,5,5,1111,40.43030793613139,0.009659906008447131,38.25642479954495,43.56236463144178,0.0,0
