handle_index,x_m,y_m,speed_mps
0,1.209931024477895,1.9427840283352216,1.0
1,-1.6437917021171184,1.7533992356100792,0.9915508495204026
2,-2.444283206303774,0.3105848498608259,0.9905162584777546
3,-2.153948315071849,-1.3136705644547102,0.9895834568623609
4,-0.921273715517145,-2.410490208522344,0.9887380443064047
5,0.7239831483611696,-2.535509614461192,0.9879682250411442
6,2.121046876640149,-1.6576070349415584,0.9872642427686854
7,2.7428346473856138,-0.12924844869571506,0.986617956896947
8,2.3757874212302923,1.4794082374159294,0.9860225204566421
9,1.1658824072923248,2.601294977353517,0.9854721322780474
10,-0.46301398697416024,2.8643473233716166,0.9849618441564713
11,-1.9717362243333216,2.196322465676946,0.9844874092548811
12,-2.885736645639723,0.8226037063045262,0.9840451617924496
13,-2.934830533067472,-0.8266657653759639,0.9836319207246024
14,-2.1171332483488006,-2.2597990985183154,0.9832449120037999
15,-0.6792769241920675,-3.0691625465949497,0.9828817053631974
16,0.970435318501863,-3.0383483241356926,0.9825401625487828
17,2.383811710681189,-2.186957007507357,0.9822183946484906
18,3.193142492067604,-0.7490822958928568,0.9819147267037238
19,3.1996113022194286,0.9009050236024166,0.9816276681914048
20,2.411588012474523,2.350566809957987,0.9813558882694348
21,1.0293460955563498,3.251625788668231,0.981098194911082
22,-0.6141395836854784,3.3981004353719775,0.9808535172327916
23,-2.137858312597641,2.765027583985759,0.9806208904586942
24,-3.201148371257938,1.50331674106089,0.980399443073419
25,-3.576035187095672,-0.10353106607923662,0.9801883857999985
26,-3.1896744521283744,-1.7076586739943718,0.9799870021070166
27,-2.131010126980131,-2.973253335273575,0.979794640002779
28,-0.6237922783663862,-3.6446655460801156,0.9796107049171994
29,1.0254107953221059,-3.593389608873182,0.9794346535066429
30,2.4916581506496387,-2.836673880878168,0.9792659882449118
31,3.495009926279786,-1.526794033586889,0.9791042526862715
32,3.850993346679572,0.08434711615774095,0.9789490273049859
33,3.4999867247655296,1.6965798386182682,0.9787999258310391
34,2.5120292196676823,3.0181092435581944,0.9786565920142926
35,1.0682904914573026,3.8169324309191213,0.978518696759684
36,-0.575624531055455,3.9585071417855398,0.9783859355847202
37,-2.1367715163020233,3.424353521133608,0.9782580263577022
38,-3.353615335999059,2.309996702845535,0.9781347072811335
39,-4.028255853170463,0.8042210978529752,0.9780157350898288
40,-4.055789194710638,-0.8455491634572542,0.977900883437496
41,-3.4371052022562236,-2.3751668011303497,0.9777899414491638
42,-2.274357291160713,-3.5458577489227343,0.977682712419885
43,-0.7510810243356846,-4.179994496736301,0.9775790126427442
44,0.8989095227424114,-4.1855797051373465,0.9774786703514046
45,2.428404311741885,-3.5665920716393105,0.9773815247643418
46,3.6136344960385474,-2.4186681149975398,0.9772874252195191
47,4.285739354080292,-0.9117590069897825,0.9771962303896722
48,4.352746854289329,0.7368798239600759,0.9771078075695679
49,3.8096205443558375,2.2949279013498582,0.9770220320276425
50,2.7357729898519567,3.5476654754993824,0.9769387864153349
51,1.2812011137829429,4.326588229916727,0.9768579602282047
52,-0.35616423019646337,4.530388942219808,0.9767794493136132
53,-1.9583398639481018,4.136011916250382,0.9767031554203346
54,-3.316437077492311,3.1989569773255067,0.9766289857859867
55,-4.257243401277448,1.843455792845788,0.9765568527586256
56,-4.664019409955578,0.24438316198631485,0.976486673449246
57,-4.4892514232380965,-1.3963350194265556,0.9764183694122786
58,-3.7582589456587527,-2.8755746882167226,0.9763518663514874
59,-2.563750314068618,-4.013840531092026,0.9762870938489403
60,-1.052503869603917,-4.676135166502005,0.9762239851149661
61,0.5937933490455728,-4.786613525771636,0.9761624767572248
62,2.1809707765778126,-4.335650319365419,0.9761025085672088
63,3.5252810699204495,-3.378921603786625,0.9760440233226552
64,4.47413739850178,-2.029043213815444,0.9759869666045053
65,4.922451299297759,-0.4411154300818375,0.9759312866271735
66,4.822979030555703,1.2058834368732378,0.9758769340810092
67,4.1898494883244455,2.7295786107035678,0.9758238619859428
68,3.0952444290524213,3.9642201636311283,0.9757720255554018
69,1.6599430312869916,4.778105842072276,0.9757213820696577
70,0.03905339914667858,5.086678038517082,0.9756718907578588
71,-1.59531997728,4.860130766571268,0.9756235126880545
72,-3.072510705082475,4.1250065908752935,0.9755762106645913
73,-4.240869485800475,2.959915281356138,0.9755299491323052
74,-4.982734406168021,1.486098318526057,0.9754846940869933
75,-5.225406343015206,-0.14595876719864873,0.975440412991691
76,-4.947223516394845,-1.7723395082831979,0.9753970746983168
77,-4.178366200426226,-3.2322567756919938,0.9753546493742884
78,-2.9965593662740666,-4.383704823477004,0.9753131084337456
79,-1.518325622932848,-5.116729379712284,0.9752724244730487
80,0.11316921966099393,-5.3631529552748916,0.9752325712102401
81,1.7423701516354868,-5.101993380959319,0.9751935234281918
82,3.216253307479734,-4.360259976748794,0.9751552569211791
83,4.398495378771763,-3.209258810428729,0.9751177484446387
84,5.181620268766791,-1.7569449990665889,0.9750809756678973
85,5.496103429175412,-0.13719182594970433,0.9750449171296605
86,5.315742926304883,1.5029210021834774,0.9750095521960835
87,4.65897638778134,3.016578068324415,0.9749748610212449
88,3.586198853758886,4.270232072625118,0.9749408245098655
89,2.1934847983188566,5.155018803867215,0.9749074242821271
90,0.6034098271574763,5.595656507756089,0.9748746426404513
91,-1.0461175380679713,5.556166365003157,0.9748424625381137
92,-2.6139790945257637,5.042055346074384,0.974810867549576
93,-3.9678606866928083,4.09891981265768,0.9747798418424282
94,-4.995153266019174,2.807730455335159,0.9747493701508361
95,-5.61187934422928,1.2773223579776132,0.9747194377504068
96,-5.768987106707916,-0.36518096042723225,0.9746900304343777
97,-5.4556008549503545,-1.9851467184638791,0.9746611344910556
98,-4.699082371644115,-3.451495853021491,0.9746327366824217
99,-3.562020650310958,-4.64715075385226,0.9746048242238421
100,-2.1365064759768315,-5.478059496599631,0.9745773847648093
101,-0.5362462139856824,-5.880137963933598,0.9745504063706583
102,1.1127870576297687,-5.823664349679846,0.9745238775052009
103,2.68238506402541,-5.314879426239466,0.9744977870142221
104,4.052021025616821,-4.3947721864478595,0.9744721241097909
105,5.11789841145883,-3.1352463239297137,0.9744468783553382
106,5.800477723658393,-1.6330527669742099,0.9744220396514603
107,6.049970370345016,-0.0020244351385716327,0.974397598222402
108,5.849462493648797,1.635747402262493,0.9743735446031886
109,5.215521482722704,3.159105139193344,0.9743498696273664
110,4.196328948083064,4.456697747578539,0.9743265644153176
111,2.867562182863656,5.43489961000234,0.974303620363123
112,1.3263994467875118,6.024236034238454,0.9742810291319358
113,-0.3158567875267634,6.183905883793797,0.9742587826378486
114,-1.9419666855394502,5.904144200237754,0.9742368730422164
115,-3.437144447167664,5.206330857621281,0.9742152927424218
116,-4.697059161317817,4.140913139977697,0.9741940343630526
117,-5.634901399272337,2.7833594811084033,0.9741730907474715
118,-6.187058299001589,1.2284888247249615,0.9741524549497594
119,-6.317053619874211,-0.4163823606728549,0.974132120227014
120,-6.017541010646716,-2.0389704775141833,0.9741120800319809
121,-5.310278657139489,-3.529701829338574,0.9740923280060052
122,-4.244151734938145,-4.789016478565754,0.9740728579722859
123,-2.891436564339029,-5.733824219448396,0.9740536639294167
124,-1.3426091859126452,-6.302712391093474,0.9740347400452015
125,0.2999149263535159,-6.459602609478675,0.9740160806507292
126,1.9286683102135813,-6.195666225921847,0.9739976802346965
127,3.438180503023582,-5.5294283256499535,0.9739795334379654
128,4.731730065764676,-4.5051092695287185,0.9739616350483441
129,5.727377232054805,-3.1893635797165665,0.9739439799955836
130,6.36291609526755,-1.6666717680400134,0.9739265633465748
131,6.59946666616816,-0.03371621830596622,0.9739093803007417
132,6.423522545833206,1.60687625593014,0.9738924261856171
133,5.847372734526321,3.1530170628852088,0.973875696452596
134,4.907919522182489,4.509456395040324,0.9738591866728559
135,3.6640120983024356,5.593520194277594,0.9738428925334386
136,2.1925017978399954,6.339949987113806,0.9738268098334824
137,0.5832950872661202,6.704578239782785,0.9738109344806035
138,-1.0662689629537332,6.666651412565103,0.9737952624874148
139,-2.6573609748793743,6.229700374590691,0.9737797899681779
140,-4.095560927974011,5.420947696128879,0.9737645131355845
141,-5.296367819220485,4.289328144364508,0.9737494282976551
142,-6.190006759521786,2.9022775164573926,0.9737345318547601
143,-6.725272596752167,1.3415115239092885,0.973719820296747
144,-6.872213867149455,-0.3019325010134963,0.9737052902001766
145,-6.623534320518069,-1.9330850024944686,0.9736909382256603
146,-5.9946668351944625,-3.458544174646612,0.973676761115296
147,-5.022551632066801,-4.791770348950351,0.9736627556901954
148,-3.7632229716303898,-5.857880720818084,0.9736489188481026
149,-2.2883721242665627,-6.597688113340458,0.9736352475610974
150,-0.681106171019501,-6.970778123302085,0.9736217388733815
151,0.968840233193867,-6.957479129960058,0.9736083898991428
152,2.5701610712884886,-6.559645529714563,0.9735951978204951
153,4.035018321219705,-5.800242318420181,0.9735821598854902
154,5.283789637936711,-4.721784994950565,0.9735692734062
155,6.249274097213178,-3.383749211088277,0.9735565357568643
156,6.880142893655897,-1.8591166121729552,0.9735439443721037
157,7.143469104034795,-0.2302644681991779,0.9735314967451932
158,7.02622496093031,1.4155647486116176,0.9735191904263936
159,6.535693345582938,2.990962709237778,0.9735070230213416
160,5.69879916217629,4.4129711922576815,0.9734949921894931
161,4.5604227754363125,5.607374475120304,0.9734830956426186
162,3.180808930484681,6.5124521727894695,0.9734713311433494
163,1.63222808721056,7.082011100245329,0.9734596965037707
164,-0.0049190375885756425,7.287557425345321,0.9734481895840644
165,-1.646340062012209,7.11951867808669,0.9734368082911915
166,-3.208207857627057,6.587476396851769,0.9734255505776221
167,-4.611411646982687,5.719421602764225,0.9734144144401039
168,-5.78549009131541,4.560094294988999,0.9734033979184716
169,-6.672056385215531,3.1685123870438283,0.9733924990944934
170,-7.227556309258817,1.6148329367105,0.9733817160907569
171,-7.425237970949853,-0.023282431824699846,0.973371047069586
172,-7.2562544508358195,-1.6646064613600084,0.9733604902319976
173,-6.729865489787714,-3.2283886270361806,0.9733500438166864
174,-5.872749412144551,-4.638300691473481,0.9733397060990435
175,-4.727479478625123,-5.826095614588057,0.9733294753902059
176,-3.3502577995091976,-6.73480923645874,0.9733193500361338
177,-1.8080330923702461,-7.3213609841249525,0.9733093284167181
178,-0.17515457109403743,-7.558442688933397,0.9732994089449141
179,1.4702678644374352,-7.435621645745647,0.9732895900659023
180,3.050117747422144,-6.959623381848135,0.9732798702562738
181,4.489960631233383,-6.153799288178534,0.9732702480232415
182,5.722495317509194,-5.056822420998933,0.9732607219038727
183,6.690611685953792,-3.720689681653884,0.9732512904643483
184,7.349921625841522,-2.2081387227882505,0.9732419522992408
185,7.670657567737362,-0.5896120916893984,0.9732327060308148
186,7.638865081733023,1.060081588311229,0.9732235503083475
187,7.2568503352854865,2.6652497207811137,0.9732144838074714
188,6.542878237997149,4.15277916394986,0.973205505229532
189,5.530151226433854,5.45542416549488,0.9731966133009684
190,4.265130350343319,6.514774052479912,0.9731878067727092
191,2.8052882733680127,7.283774124191618,0.9731790844195869
192,1.2164068796964922,7.728696495897942,0.9731704450397677
193,-0.43045047183511304,7.830484823845708,0.9731618874541991
194,-2.0621509496708916,7.585426564179761,0.9731534105060727
195,-3.6067429174982797,7.005137280353848,0.973145013060301
196,-4.9966017141053225,6.115872119957764,0.9731366940030108
197,-6.171335239842283,4.957208603871382,0.9731284522410492
198,-7.080327932056359,3.5801711005689394,0.9731202867015036
199,-7.684820442397843,2.044889756664418,0.9731121963312359
200,-7.959444928587089,0.41790438746608016,0.9731041800964286
201,-7.893161240064919,-1.230763703034898,0.9730962369821433
202,-7.489566233214551,-2.8306421579324947,0.9730883659918919
203,-6.766575797459105,-4.3138093197205425,0.9730805661472195
204,-5.755505737807071,-5.617740811201323,0.9730728364872968
205,-4.499602349112193,-6.687884109206258,0.9730651760685265
206,-3.052095359264538,-7.479858549666519,0.9730575839641572
207,-1.4738640952010378,-7.961196349067812,0.9730500592639099
208,0.1691783974062565,-8.11256136314641,0.9730426010736141
209,1.8088694053657524,-7.9284054552400445,0.9730352085148503
210,3.3776307040638267,-7.4170464935437375,0.9730278807246082
211,4.811235525798546,-6.600176115148794,0.973020616854947
212,6.051396591902694,-5.511828500588264,0.9730134160726701
213,7.048073395057167,-4.196862588462087,0.9730062775590045
214,7.761410699574929,-2.709028629317656,0.9729992005092901
215,8.163237175891572,-1.1087050736168003,0.9729921841326775
216,8.23807241901553,0.5395969880171504,0.9729852276518328
217,7.983611470104409,2.1698575884977163,0.9729783303026498
218,7.410677485848504,3.7171929269698345,0.9729714913339685
219,6.542654507640699,5.120416397876472,0.9729647100073044
220,5.414432537064326,6.32441605946646,0.9729579855965801
221,4.070915562531869,7.282258499089594,0.9729513173878668
222,2.5651591385698045,7.956941826063848,0.9729447046791311
223,0.9562170490832633,8.322735965818596,0.9729381467799885
