node_id,x_adjusted_m,y_adjusted_m,z_adjusted_m,target_radial_displacement_m,actual_radial_displacement_m,actuator_extension_m
A0,0.0,0.0,-300.4104670509303,0.010467050930344612,0.010467050930344612,-0.010467050930344612
B1,6.106122504951769,8.404691034272492,-300.1377451228136,-0.08250425494594538,-0.08250425494594538,0.08250425500374714
C1,9.881032365771482,-3.210458166947517,-300.1695400101579,-0.05069032607684676,-0.05069032607684676,0.05069032630710302
D1,0.0,-10.393202277802896,-300.28382893681464,0.06366703721459999,0.06366703721459999,-0.06366703732335921
E1,-9.886058637941815,-3.2120912591125066,-300.32222990626235,0.10209100385043257,0.10209100385043257,-0.10209100400169158
A1,-6.107821527080938,8.407029630663978,-300.2212581329684,0.001058766626954366,0.001058766626954366,-0.0010587666265289286
A3,0.0,16.812718500784925,-299.8347107830938,-0.0943371762104448,-0.0943371762104448,0.09433717553312926
B2,12.201589987659009,16.794626499182694,-299.5139337874446,-0.16756724442973336,-0.16756724442973336,0.16756724508656262
B3,15.986974762663122,5.19465230155683,-299.7934097918815,-0.13570302958498814,-0.13570302958498814,0.13570302939812517
C2,19.745921112247643,-6.415505107848968,-299.56460389152346,-0.11677556719683935,-0.11677556719683935,0.11677556715058612
C3,9.884726704430314,-13.604623855718202,-299.9206077147607,-0.008305309716035936,-0.008305309716035936,0.008305309709355058
D2,0.0,-20.777080082552143,-299.78325536482026,0.10240042055824006,0.10240042055824006,-0.10240042052731191
D3,-9.890161954366741,-13.612104541139052,-300.08552309510037,0.15686909892167478,0.15686909892167478,-0.15686909870482912
E2,-19.765809083850737,-6.421966765559394,-299.8663235379061,0.18566786461832407,0.18566786461832407,-0.1856678645499512
E3,-15.998751855365054,5.198479035671193,-300.0142580030636,0.085492079286837,0.085492079286837,-0.08549207970844241
A2,-12.207435711709154,16.802672725300663,-299.65742949643544,-0.023727289121097783,-0.023727289121097783,0.02372728913634159
A5,-6.105496864653396,25.226070969792087,-299.1581507746235,-0.1181915427478657,-0.1181915427478657,0.11819154237700724
A6,6.104248395328391,25.22091267121388,-299.096978067005,-0.1795940416974986,-0.1795940416974986,0.17959404146547264
B4,18.281686695518562,25.162639236984056,-298.577298964876,-0.23539416935290092,-0.20711571165557127,0.2071157110044055
B5,22.097630286759625,13.597603901430306,-299.06923976218604,-0.20933676890837205,-0.20743650764529975,0.20743650742859154
B6,25.87133766072035,1.9887422190783075,-299.0867424535968,-0.18986807399039662,-0.18986807399039662,0.18986807393025762
C4,29.582958372565194,-9.61120343602063,-298.60321093746313,-0.18106350893788203,-0.18106350893788203,0.18106350892529077
C5,19.768793748564597,-16.82022993464274,-299.1910521187011,-0.08516658111943798,-0.08516658111943798,0.08516658111158737
C6,9.892286285253975,-24.00766555095302,-299.29666394486634,0.020841939781121255,0.020841939781121255,-0.02084193975481785
D4,0.0,-31.13680952727892,-298.90626853977113,0.12363391833372361,0.12363391833372361,-0.12363391755130237
D5,-9.89799340636337,-24.02151620699978,-299.469336091579,0.19416268912937085,0.19416268912937085,-0.19416268843613915
D6,-19.788004112657493,-16.836575026067152,-299.4817916103281,0.2395370453908754,0.20666496634205778,-0.2066649662946416
E4,-29.621284480589644,-9.62365520019157,-298.99006538165725,0.2551092931266794,0.2078841713225898,-0.20788417093006073
E5,-25.901573429793782,1.991066457247636,-299.4362843982903,0.16098684604730806,0.16098684604730806,-0.1609868461771624
E6,-22.11669416682721,13.609334710870932,-299.3272502386373,0.05154312354596868,0.05154312354596868,-0.05154312348017376
A4,-18.29055355902366,25.174843454858383,-298.7221129637009,-0.06151812081697017,-0.06151812081697017,0.06151812051985939
A8,-12.183064324958051,33.59308174136449,-298.1148624096424,-0.15121233422530622,-0.15121233422530622,0.15121233405143109
A9,0.0,33.61566332095291,-298.3125795370804,-0.19947500883796465,-0.19947500883796465,0.19947500852333633
A10,12.180782947931782,33.58679116594914,-298.05903799797136,-0.2447891155425168,-0.20743635897101226,0.20743635915638015
B7,24.34150575029373,33.503884232072764,-297.32276426198945,-0.27633460995440373,-0.20711604611710396,0.20711604630570069
B8,28.178358551963964,21.963846208343057,-298.0593561732309,-0.26183490836695,-0.20711588734703246,0.2071158877597461
B9,31.968743415928465,10.387832996004363,-298.3049868113189,-0.2472575457687185,-0.2071157345115962,0.20711573438055897
B10,35.70646459854418,-1.205168503232318,-298.05935623265947,-0.2377311426418487,-0.20711579717095047,0.20711579672834457
C7,39.385426325174315,-12.797170689581055,-297.32276442391094,-0.2360012968152887,-0.2071158369207872,0.20711583667168165
C8,29.60067725282088,-20.015368602024246,-298.10665714984333,-0.1594762979176494,-0.1594762979176494,0.15947629801225727
C9,19.76713754378966,-27.20713323179684,-298.4464449612413,-0.06476232327310072,-0.06476232327310072,0.06476232353942857
C10,9.894929136695984,-34.3589207878864,-298.2990396972475,0.034283356253865804,0.034283356253865804,-0.034283356118121944
D7,0.0,-41.45735328806409,-297.65249187634663,0.12579456370690423,0.12579456370690423,-0.12579456416442536
D8,-9.90060662949087,-34.378635181240654,-298.47019712800886,0.2112081774855028,0.20666594625238574,-0.20666594558468043
D9,-19.78508222674476,-27.231831971251662,-298.71737578377656,0.27311343059221826,0.20788314244498582,-0.20788314304163036
D10,-29.636774980894874,-20.039777142643967,-298.47019521875075,0.3055098596328776,0.20666404453621504,-0.20666404449175912
E7,-39.43920704712016,-12.814645200910897,-297.72875807216127,0.3055008557745964,0.20279704043104727,-0.20279704023144562
E8,-35.755221630228434,-1.2068141559049537,-298.4663550671567,0.2216652024686141,0.20279639780926598,-0.20279639805550742
E9,-32.003308422420695,10.399064451375493,-298.62751790588356,0.11745658751334531,0.11745658751334531,-0.1174565875582676
E10,-28.198089534278346,21.97922567980139,-298.2680625772766,0.0030845001290913387,0.0030845001290913387,-0.003084500136296242
A7,-24.349468395737407,33.514844094369806,-297.42002512080563,-0.10891626525335596,-0.10891626525335596,0.10891626543711341
A12,-18.283111741837967,42.02736208799565,-296.69075055523,-0.19027995102345585,-0.19027995102345585,0.19027995142927967
A13,-6.10393770363286,42.07961637835632,-297.1638945093626,-0.22503313049554663,-0.20961892337262325,0.20961892277171135
A14,6.1040321085706495,42.08026719161152,-297.16849051612684,-0.25833752172638924,-0.2049761065161584,0.2049761064024196
A15,18.28221663762562,42.02530451325837,-296.676225175506,-0.28037361201222666,-0.20497762027667488,0.20497762043864443
B11,30.372212460186766,41.80411288863933,-295.71195971573786,-0.2797895569082698,-0.2074364813683705,0.20743648218710486
B12,34.31792260748353,30.374043657094077,-296.67411192846527,-0.2835108672276192,-0.20711589473766007,0.2071158956760648
B13,38.13384908655264,18.809002770087517,-297.1660549540327,-0.27995615693021136,-0.20743646383466643,0.2074364637425239
B14,41.906387010036035,7.198033771864982,-297.16637234301965,-0.27485660989361804,-0.20711582396669787,0.2071158232268253
B15,45.61687822212292,-4.4009588877206935,-296.67379505809595,-0.2720996221750056,-0.20743648919495228,0.20743648930592595
C11,49.14329399050245,-15.966983711562435,-295.71227575953327,-0.2728896418129807,-0.20711558799135618,0.20711558842020894
C12,39.49171076750962,-23.25193264349842,-296.67379494939996,-0.22382731472885098,-0.20743657567165788,0.20743657614653488
C13,29.67792208002944,-30.461037410490096,-297.22540163439476,-0.14748531314984348,-0.14748531314984348,0.14748531275052823
C14,19.805447299226206,-37.649676109047824,-297.3135643862789,-0.058424660002629025,-0.058424660002629025,0.05842466005826186
C15,9.918502476954032,-44.77952592947988,-296.9088089896789,0.030364921525460886,0.030364921525460886,-0.03036492141658531
D11,0.0,-51.72667504734541,-296.02317419572944,0.10849355329315813,0.10849355329315813,-0.1084935532473934
D12,-9.92432513364491,-44.80581374932703,-297.083109300362,0.2067325804300708,0.2067325804300708,-0.20673257994702032
D13,-19.822928153226105,-37.68290678954003,-297.57598183803873,0.28432323260670955,0.20666547065230478,-0.20666547085905718
D14,-29.712927434524737,-30.496966455993128,-297.575981453331,0.3339990232574337,0.20666505124280213,-0.20666505048570993
D15,-39.54634810008657,-23.28410201656961,-297.0842472819652,0.35098945781373914,0.20788405225708198,-0.2078840522374592
E11,-49.21040755264348,-15.988789355151116,-296.11612138288297,0.3336743454300404,0.20284904928152653,-0.2028490495802857
E12,-45.680546308300926,-4.407101364817984,-297.087866636132,0.26338304644076516,0.2115463588546494,-0.21154635909169262
E13,-41.95882432368556,7.207040646031079,-297.5382155722846,0.16851455658746772,0.16851455658746772,-0.16851455633569046
E14,-38.16756572975875,18.825633046093024,-297.42879900132544,0.057983604164917324,0.057983604164917324,-0.057983603890015445
E15,-34.335155502280074,30.389296115842097,-296.82308813014845,-0.05637267323538708,-0.05637267323538708,0.05637267338897756
A11,-30.376933928009212,41.81061148580634,-295.757929185507,-0.16077047474266237,-0.16077047474266237,0.1607704751945045
A17,-24.303469445501886,50.31556969671259,-294.94827065624014,-0.22881376511128337,-0.20541933971734933,0.20541933974816118
A18,-12.200568803994491,50.494519661643366,-295.66620342185803,-0.25121866051347297,-0.20498909928459913,0.20498910012525506
A19,0.0,50.53649590220884,-295.9107651379563,-0.2721914752027601,-0.20496004060649303,0.20496004066933793
A20,12.200379879436483,50.49373775917945,-295.6616250609884,-0.28326130921101367,-0.20963758852351275,0.209637589021892
A21,24.304083614869175,50.31684121400254,-294.95572425018804,-0.2747228155347443,-0.19783316657335043,0.19783316617274105
B16,36.367734652841,50.05601444906814,-293.7570221188734,-0.2353753110731418,-0.19782512604875152,0.19782512674507213
B17,40.342528173397184,38.66238478536359,-294.9470582242638,-0.26326966625515524,-0.20665334910692676,0.20665334935351742
B18,44.25253652753872,27.20727049880923,-295.6645643380864,-0.2766172285084849,-0.20665329186799,0.20665329113249742
B19,48.06241373041474,15.617249051967887,-295.90909553849224,-0.28187539415284846,-0.20665379686042767,0.20665379683860774
B20,51.79284579318832,4.000246229586673,-295.6645644466582,-0.2831495536458988,-0.2066531567361945,0.20665315590217892
B21,55.362702943098455,-7.564780739649632,-294.94660393469786,-0.28330077702429435,-0.2071156788560337,0.20711567887751148
C16,58.84233928800592,-19.118788704008445,-293.74761712400715,-0.2828899891001697,-0.20743644758811447,0.2074364474232162
C17,49.236329785566355,-26.420771198888353,-294.94660393468047,-0.26806573662003075,-0.20711570017544062,0.20711570054598472
C18,39.55001279992384,-33.678763619120886,-295.6641090243434,-0.21785924643160115,-0.20711552050410595,0.20711552150154677
C19,29.710249662350638,-40.89211107887007,-295.96884800242566,-0.14603615664464087,-0.14603615664464087,0.14603615694109573
C20,19.81854306891579,-48.043438075845586,-295.803070316063,-0.06602572894917103,-0.06602572894917103,0.06602572908211357
C21,9.9198308404237,-55.0308353563865,-295.15994400263514,0.010019100574993445,0.010019100574993445,-0.010019100561014849
D16,0.0,-61.92810522848023,-294.02231661807537,0.07329011690268317,0.07329011690268317,-0.07329011697537391
D17,-9.925474704858805,-55.06214502078485,-295.32787455885347,0.18093668305937172,0.18093668305937172,-0.18093668294126397
D18,-19.836537489775885,-48.08705953890149,-296.0716473209652,0.2720484797919198,0.20666500940377952,-0.20666500967330004
D19,-29.745270135723807,-40.94031198944758,-296.3177164662909,0.3378433400376366,0.20788327827732586,-0.2078832776341084
D20,-39.60452759455881,-33.72518562387583,-296.07164538257246,0.3722354717409644,0.20666310223776063,-0.2066631024772274
D21,-49.304196086053324,-26.457189022984718,-295.3531520047219,0.37192662600148196,0.20666374096209117,-0.2066637416296604
E16,-58.923748171537554,-19.145239712953764,-294.15401948393196,0.337493672041262,0.20788263497922407,-0.2078826348527587
E17,-55.43829910831228,-7.575110228352319,-295.34934496819153,0.28277311321659226,0.20278896687443546,-0.2027889668474645
E18,-51.86315408927847,4.005676525837748,-296.065926283841,0.20085643697080968,0.20085643697080968,-0.20085643653269303
E19,-48.111320755321955,15.633140746310392,-296.2102047084758,0.09881498269413669,0.09881498269413669,-0.09881498265691269
E20,-44.281146692728704,27.224860552722976,-295.8557174942738,-0.012572173081821347,-0.012572173081821347,0.012572173032723288
E21,-40.354128712700266,38.67350219754772,-295.03187058224376,-0.12033240476597484,-0.12033240476597484,0.12033240490233466
A16,-36.366361489087645,50.05412444669831,-293.7459305153155,-0.21133512216601957,-0.20916008776625902,0.2091600866604275
A23,-30.29571165331246,58.57400096473382,-292.86231007825967,-0.26163092505186114,-0.20499731536922036,0.20499731547561906
A24,-18.205069432681267,58.792855766869046,-293.8180786609954,-0.27278879954798185,-0.20497560860149444,0.2049756086903023
A25,-6.103937663929655,58.90186924544149,-294.29169820926376,-0.28185407138596474,-0.20962083025107495,0.20962083053703484
A26,6.104032136318701,58.90278088651864,-294.2962530460489,-0.28182986020419776,-0.20497469716802758,0.20497469743259167
A27,18.20551861860721,58.79430640255348,-293.82532823212233,-0.2639301452516065,-0.19756869335899946,0.19756869235913932
A28,30.294417639890188,58.57149910756301,-292.84980112106945,-0.21781947470498153,-0.21781947470482407,0.21781947496409337
B22,42.32795285696578,58.26033401078499,-291.5045806637487,-0.1322799488544888,-0.1322799488544888,0.13227994877578642
B23,46.347030662417765,46.91616878112545,-292.87607741202277,-0.19088529474532834,-0.19088529474532834,0.1908852936772738
B24,50.28917154281628,35.48242615791228,-293.81521423368247,-0.22755416854852228,-0.20790226607372753,0.20790226511567367
B25,54.13323477298843,24.007473296097952,-294.2946080908932,-0.24866734617745578,-0.206652632989857,0.2066526316287356
B26,57.9054966861749,12.397413986371456,-294.29338273635597,-0.25975313870588934,-0.20790255498464155,0.2079025562769976
B27,61.540635527013755,0.8544118242956135,-293.8164372444733,-0.26392582194932857,-0.20665264768521957,0.2066526475373487
B28,65.06830721621957,-10.712625467960729,-292.8606957723085,-0.26276944905458777,-0.20665198238750404,0.2066519838199934
C22,68.47105888875831,-22.247650394718292,-291.4319286512545,-0.2561267952958701,-0.20711595848698944,0.20711595742930333
C23,58.93803620726429,-29.57859250371432,-292.86024358597507,-0.28328665977034007,-0.2071154373602005,0.20711543749604466
C24,49.28534326489973,-36.86352688189407,-293.81567001625274,-0.26635688174172856,-0.20743653307011758,0.2074365323807439
C25,39.5601058382955,-44.06459800188039,-294.2941542279027,-0.21930270203586133,-0.2071155192625611,0.20711551980658927
C26,29.688831633020193,-51.24947080933819,-294.3448329595099,-0.1554210400444731,-0.1554210400444731,0.1554210405686982
C27,19.837126823869554,-58.28703679093734,-293.93315697248164,-0.0873995971463728,-0.0873995971463728,0.087399597070005
C28,9.924771523604482,-65.23255467245399,-293.0378384865433,-0.025073962706642305,-0.025073962706642305,0.025073962710422393
D22,0.0,-72.04950162145018,-291.6552704787127,0.02293996644885965,0.02293996644885965,-0.02293996662213793
D23,-9.930093833831249,-65.26753662564309,-293.1949845005243,0.13600655673997153,0.13600655673997153,-0.13600655669635264
D24,-19.85650018728119,-58.34396116088084,-294.22021839621084,0.23713399070982177,0.2058920189915125,-0.20589201877280283
D25,-29.724559220272695,-51.311144504100525,-294.6990480000974,0.3165536926862842,0.20589378126084842,-0.20589378283275606
D26,-39.61463472910665,-44.12533579825797,-294.6998036431963,0.3677057918356468,0.2066645285525452,-0.2066645295728784
D27,-49.35353018371851,-36.91452805482614,-294.2221678493185,0.3849487262568232,0.20788390204668375,-0.2078839029029007
D28,-59.019275205927514,-29.619363038185792,-293.2639162304712,0.36770366040781255,0.2066642326325879,-0.20666423257051747
E22,-68.56405759320404,-22.277867579865553,-291.8277570821062,0.31691794512778415,0.20061187227430755,-0.20061187136360248
E23,-65.15657963000724,-10.727158338854665,-293.257993959788,0.27872299928787925,0.20059373354675364,-0.2005937352415641
E24,-61.62636861417991,0.855602116901155,-294.22575687546856,0.21155081876344184,0.2115508187633466,-0.2115508190205384
E25,-57.969149884657355,12.411041968140104,-294.6168876914195,0.12208669865066213,0.12208669865066213,-0.122086698949599
E26,-54.17377107238804,24.0254506833618,-294.5149831413643,0.01813958416192918,0.01813958416192918,-0.01813958422753137
E27,-50.309313844205725,35.49663791960521,-293.9328959217346,-0.0876663888220719,-0.0876663888220719,0.08766638852223929
E28,-46.34823639682834,46.91738932186567,-292.88369668686136,-0.183075245818884,-0.183075245818884,0.18307524562952615
A22,-42.317640595705754,58.24614018035227,-291.4335620769425,-0.2536214493877651,-0.2054335354145089,0.2054335360751831
A30,-36.23225922678053,66.74842162323354,-290.4289839749376,-0.28120781962985575,-0.20498473134532375,0.2049847318659319
A31,-24.18721098691572,67.02020233181472,-291.61207833360885,-0.28337371357736174,-0.20961164932906995,0.20961165025485462
A32,-12.103635202294136,67.18512357973867,-292.32988663293963,-0.2820279887088759,-0.20498402163649657,0.2049840218352621
A33,0.0,67.24009090882335,-292.5678453044917,-0.2714317253496006,-0.20496239418556564,0.2049623941972767
A34,12.103447620945104,67.1840823490749,-292.3253561234208,-0.24362237973008405,-0.20963642580615707,0.20963642535487237
A35,24.188818639228,67.02465696626209,-291.63146092518895,-0.1896588758281723,-0.1896588758281723,0.189658876742401
A36,36.245075056496766,66.7720314235498,-290.5317125511488,-0.09880173584849672,-0.09880173584849672,0.09880173519068514
B29,48.25744568256306,66.42100940439201,-289.00550096145815,0.04075206383680552,0.04075206383680552,-0.04075206385986885
B30,52.31051915947582,55.112800555574815,-290.5735250422729,-0.05558321165955249,-0.05558321165955249,0.05558321190298887
B31,56.281651804639054,43.72724841165334,-291.6972820738486,-0.12190145263315344,-0.12190145263315344,0.12190145279749354
B32,60.164091251518386,32.27723759523344,-292.3686073731178,-0.1652214563371217,-0.1652214563371217,0.16522145697268575
B33,63.951281436516794,20.779736794221375,-292.5808526848404,-0.1916158330402027,-0.1916158330402027,0.19161583262488557
B34,67.63661284973269,9.250682967459614,-292.3298761077538,-0.2049947709222124,-0.2049947709222124,0.20499477070177852
B35,71.21417915671557,-2.2924123427211063,-291.61373691360046,-0.2079041954991112,-0.20790419549866726,0.20790419580135744
B36,74.67833677964846,-13.832745261218227,-290.43298705791415,-0.2008469393340988,-0.2008469393340988,0.20084693970348955
C29,78.024056106083,-25.35158452499321,-288.79069575923626,-0.18255248372429378,-0.18255248372429378,0.18255248373150135
C30,68.54533435559276,-32.702402249609264,-290.42661174386143,-0.25968339254620787,-0.20743658969614237,0.2074365896582986
C31,58.96151997962331,-40.00339998007364,-291.6145029493436,-0.2833957644499492,-0.20711561590235572,0.20711561600717188
C32,49.28189838137235,-47.23840826966257,-292.32781096063667,-0.26812528531564794,-0.20711542568090432,0.2071154264113364
C33,39.5219898419112,-54.39741075175632,-292.56543385700184,-0.22786653109869803,-0.20743660644430476,0.2074366067170188
C34,29.70112971624773,-61.4732552128204,-292.3595020367547,-0.17457164723674623,-0.17457164723674623,0.17457164728056052
C35,19.83119504638109,-68.45671232850093,-291.69942508965784,-0.11969528011843522,-0.11969528011843522,0.1196952800827007
C36,9.925217402855958,-75.32991668383,-290.55755023419954,-0.07209516573300334,-0.07209516573300334,0.0720951656550799
D29,0.0,-82.07848993057516,-288.9293028886399,-0.038460990734847655,-0.038460990734847655,0.03846099074785103
D30,-9.930071876602963,-75.36676092492445,-290.6996633932725,0.07479667882915919,0.07479667882915919,-0.07479667860836403
D31,-19.85113058124049,-68.52552921884933,-291.99265926156437,0.18216473631474628,0.18216473631474628,-0.1821647363619796
D32,-29.73904067604553,-61.55172058195881,-292.7326740148615,0.27268028464112604,0.2086402788185382,-0.20864027921419748
D33,-39.57616665717176,-54.4719788209436,-292.96648308365,0.337731492300577,0.20406795786719298,-0.2040679582260585
D34,-49.349400462376146,-47.30311135469459,-292.72821630668125,0.3720700303690023,0.20406271247042987,-0.20406271372661378
D35,-59.04228091323751,-40.05819354596626,-292.0139339599717,0.3722008492244413,0.20406536069171566,-0.20406536074495074
D36,-68.63929494233973,-32.74723005491937,-290.82472279114035,0.3383784278149733,0.20406132033043692,-0.2040613203065531
E29,-78.12366654385617,-25.383949958922265,-289.1593842005329,0.2733072472390745,0.20072408400787414,-0.20072408405745312
E30,-74.78140984458422,-13.851837591230295,-290.8338505402228,0.2516379492056444,0.21349604085157883,-0.21349604027198832
E31,-71.31111719737883,-2.295532816249371,-292.01068685561535,0.20072274628108744,0.20072274628108744,-0.2007227460694252
E32,-67.71105848588785,9.26086492290307,-292.6516350290994,0.12542107074506248,0.12542107074506248,-0.1254210707004395
E33,-63.999160448303975,20.79529415664722,-292.7999019639124,0.033144078770931173,0.033144078770931173,-0.033144078491330387
E34,-60.18395575819113,32.28789463979691,-292.4651393414606,-0.06609228738915363,-0.06609228738915363,0.06609228761702379
E35,-56.27439195781129,43.72160797439734,-291.65965564463005,-0.16063474689201485,-0.16063474689201485,0.16063474698638647
E36,-52.28442239111483,55.085305779898064,-290.428563185715,-0.23659407817501688,-0.20541960198279471,0.20541960284085325
A29,-48.21730430012639,66.3657592538169,-288.7651011604263,-0.2793728663219781,-0.20915986876879358,0.2091598685227991
A38,-42.32683987703762,75.26767950237151,-287.50736604233447,-0.2786935259251777,-0.2046851551340586,0.2046851557354965
A39,-30.305366525934595,75.59877352272211,-288.9450521454621,-0.2746518435430403,-0.19547959287631786,0.1954795929805666
A40,-18.211643401158565,75.81863865663004,-289.9011613069798,-0.26444990264138823,-0.19544670731002545,0.19544670735339054
A41,-6.109433759171615,75.9249812968155,-290.36593636236796,-0.2435891487276649,-0.20962413134927776,0.20962413110695088
A42,6.109528449391095,75.92615805941355,-290.3704367490368,-0.2049714744075004,-0.20497147440740854,0.20497147438998464
A43,18.214948031531133,75.83239648016044,-289.953765905126,-0.14097247453611317,-0.14097247453611317,0.14097247495774434
A44,30.320911508136238,75.63755152555112,-289.0932650268015,-0.041491157693769765,-0.041491157693769765,0.041491157713643645
A45,42.37040458828534,75.34514842595125,-287.80328171710755,0.10428960882427418,0.10428960882427418,-0.10428960935009979
B37,54.126013961687725,74.4983839070511,-286.10505072697873,0.2942278398811595,0.15889189201993542,-0.15889189214718358
B38,58.57593457014719,63.59299547875203,-287.8618115016455,0.16540240294278874,0.16540240294278874,-0.16540240332384415
B39,62.58678116815387,52.22858241730459,-289.19179527708854,0.060878617583171035,0.060878617583171035,-0.060878617558528525
B40,66.52033062064372,40.774302481203804,-290.07782345845993,-0.0125057541816318,-0.0125057541816318,0.012505754189412244
B41,70.35555637188591,29.287029153113103,-290.50947283931913,-0.06123109702053853,-0.06123109702053853,0.06123109694116202
B42,74.12611803018402,17.6586918785189,-290.48138263370663,-0.09027172751723356,-0.09027172751723356,0.09027172765468183
B43,77.759311130656,6.1109183031054535,-289.99111393031745,-0.10229702451397316,-0.10229702451397316,0.10229702443346866
B44,81.28916983310495,-5.46219715637864,-289.03780066886094,-0.0991168022209763,-0.0991168022209763,0.09911680226573694
B45,84.69834482662371,-17.003451904618878,-287.6264654689162,-0.08032972130780536,-0.08032972130780536,0.08032972129869709
C37,87.51624409601358,-28.435075665311263,-285.904287615446,-0.05201371667163812,-0.05201371667163812,0.05201371661610299
C38,78.48999257579288,-36.016108855319466,-287.5286356747189,-0.1824768202563405,-0.1824768202563405,0.1824768201191338
C39,68.95042824680823,-43.345094426002305,-288.9338525808002,-0.2568778021196181,-0.20711544751535693,0.2071154474815775
C40,59.29602570265604,-50.631013334863084,-289.88958266310937,-0.28272422344014103,-0.20743672586886058,0.20743672437805438
C41,49.57049927666134,-57.83309857005931,-290.36836294081854,-0.2740755654172631,-0.2071153081490016,0.2071153091477007
C42,39.68511961477915,-65.01514339660136,-290.36836300436585,-0.24344314896609376,-0.20711521475503422,0.20711521441962244
C43,29.830627378787593,-72.04028358065509,-289.89386258491413,-0.20300466071967094,-0.20300466071967094,0.20300466221400226
C44,19.920234691281575,-78.98131685534268,-288.97703080835146,-0.16225461204476233,-0.16225461204476233,0.16225461106923023
C45,10.000495685358803,-85.79307379201444,-287.5796228173534,-0.12923955626911265,-0.12923955626911265,0.12923955629370676
D37,0.0,-92.00364668407926,-285.85327896877163,-0.10559931235707154,-0.10559931235707154,0.10559931136036482
D38,-10.004777940733549,-85.8298107561531,-287.7027656518911,-0.0006623423344649382,-0.0006623423344649382,0.0006623423338147916
D39,-19.93816957670172,-79.05242650289884,-289.23720695672137,0.10805977949070211,0.10805977949070211,-0.10805977864840033
D40,-29.87125955009967,-72.1384093460522,-290.2887257883359,0.2058921338346522,0.2058921338346522,-0.20589213452702748
D41,-39.73947955808427,-65.10419993828046,-290.7661042208151,0.28293392657423055,0.20408321218083716,-0.20408321266092044
D42,-49.63944110377533,-57.91353188304313,-290.77220243748195,0.33249428769664746,0.21038778456853793,-0.21038778394378777
D43,-59.37731175284358,-50.70042093920442,-290.28697825389247,0.3493309850305195,0.2040825240689329,-0.20408252380057834
D44,-69.04632303900068,-43.405377863367846,-289.33569565059844,0.3323264962664325,0.21038635695391744,-0.21038635706881448
D45,-78.59105697629344,-36.06248351188872,-287.8988600592243,0.2831523764159556,0.20408587414510193,-0.20408587353282748
E37,-87.59086930029608,-28.459322287778104,-286.1480785377933,0.209435402009035,0.20409335787768582,-0.20409335838819054
E38,-84.77745648220001,-17.01933381156098,-287.8951201388201,0.20018092140890076,0.20018092140890076,-0.20018092136282428
E39,-81.3609782121174,-5.467022295132686,-289.2931278665919,0.1661598517866878,0.1661598517866878,-0.1661598523718073
E40,-77.81345746624855,6.115173534130618,-290.19304416793676,0.10681001389980338,0.10681001389980338,-0.10681001373711929
E41,-74.15540818126424,17.66566952373688,-290.5961632779576,0.02839249109041475,0.02839249109041475,-0.028392491030919675
E42,-70.35553356426986,29.28701965894732,-290.5093786629832,-0.06132845978953583,-0.06132845978953583,0.061328459671007085
E43,-66.48990416095714,40.75565227818891,-289.9451415983567,-0.14990326333668236,-0.14990326333668236,0.14990326387104158
E44,-62.53130877755148,52.182290783985444,-288.935476611594,-0.22574334503894988,-0.20542827251802098,0.20542827342089254
E45,-58.5036648922561,63.51453586332966,-287.50665403728686,-0.27401206222646124,-0.20542861259443224,0.20542861316960792
A37,-54.06053986977422,74.40826616738546,-285.7589607968857,-0.28040970145644906,-0.20468245172035687,0.20468245141414387
A47,-48.14682827175008,83.28075718058923,-284.35963165112014,-0.24563676794639377,-0.209939590078788,0.20993959047521216
A48,-36.38254587198549,84.07533838220246,-285.8858312025664,-0.23654042684609067,-0.19517843142056474,0.19517843129258328
A49,-24.314823715166533,84.35797992143735,-287.054557177442,-0.22069237562214994,-0.22069237562184096,0.22069237609290182
A50,-12.211593088380356,84.51796738551022,-287.8066042914146,-0.19192418314395354,-0.19192418314395354,0.191924182457182
A51,0.0,84.60145789995558,-288.0910430896256,-0.14388666504629555,-0.14388666504629555,0.14388666504307146
A52,12.216546614472934,84.55225136088556,-287.92335052703316,-0.07014728911480006,-0.07014728911480006,0.07014728882917876
A53,24.335802107046693,84.43076246684018,-287.30222267820807,0.0382971842273605,0.0382971842273605,-0.03829718432014717
A54,36.42287450564855,84.16830142475924,-286.201938365545,0.1911439394698391,0.13676163656489662,-0.13676163646105577
A55,48.21883288071722,83.40530532987603,-284.7848975475051,0.3846705903682164,0.23900137244456426,-0.23900137255024734
B48,68.8060008737531,60.661144955449856,-286.2564227731181,0.32969678515615897,0.19397491599597316,-0.19397491601789696
B49,72.82121563158444,49.26493373232597,-287.47528382816756,0.2192710907358446,0.2192710907358446,-0.21927109071438622
B50,76.69185727734431,37.77371035188957,-288.12568885652314,0.14090983469867524,0.14090983469867524,-0.14090983466259077
B51,80.52282016270591,26.16386973407905,-288.31582145476546,0.09038340396671174,0.09038340396671174,-0.09038340396284017
B52,84.22550847945884,14.51603477301282,-288.0508209123424,0.06281581552002535,0.06281581552002535,-0.0628158154383458
B53,87.82334280055052,2.9465617378468343,-287.3203752748179,0.05727973159031308,0.05727973159031308,-0.057279731629027
B54,91.28372676302132,-8.629063286920227,-286.14011868515786,0.0718455372005451,0.0718455372005451,-0.07184553716180009
B55,94.17870328065673,-20.075544845769425,-284.65129941675616,0.09796559702016339,0.09796559702016339,-0.0979655971265947
C46,96.93346335905736,-31.495291666767738,-282.73627476927874,0.14592174998551855,0.14592174998551855,-0.14592174996553098
C47,87.94999896638699,-39.09586511250836,-284.5138543454992,-0.04713109206375066,-0.04713109206375066,0.04713109208501187
C48,78.85765822499131,-46.63606679770617,-285.9065835915685,-0.17338650175275916,-0.17338650175275916,0.17338650223512042
C49,69.25811590445518,-53.95677294638917,-287.06753999533754,-0.24891425840553438,-0.20711576172392426,0.2071157621685753
C50,59.55431100291989,-61.194779175671364,-287.79204029702794,-0.2802359193063353,-0.20711556999023187,0.2071155692704929
C51,49.716545259668365,-68.42871492176123,-288.03006770336776,-0.28042163531313236,-0.20743669374054396,0.20743669197972014
C52,39.79654274420157,-75.54887575342464,-287.79204054912253,-0.2613554518691785,-0.20711516967565824,0.20711516971759902
C53,29.91416100206295,-82.54105156701884,-287.06754041297137,-0.23424479012845723,-0.20711516667982072,0.20711516739524694
C54,19.98289204466055,-89.39922613268075,-285.87416414370966,-0.20742971058791682,-0.20742971058791682,0.20742971165852842
C55,10.00006301226403,-95.68228027194844,-284.38397500303154,-0.18424072201270292,-0.18424072201270292,0.18424072146297021
D46,0.0,-101.81386662251693,-282.43773454586795,-0.17142355810682375,-0.17142355810682375,0.17142355870798465
D47,-10.003595015337064,-95.71607506979531,-284.4844188774751,-0.07820518400558285,-0.07820518400558285,0.07820518416799871
D48,-19.998158929474034,-89.46752694142916,-286.09257136551616,0.021916736484683952,0.021916736484683952,-0.021916736559409067
D49,-29.946937180163758,-82.6314896778053,-287.3820729459375,0.12179826270187277,0.12179826270187277,-0.12179826306952757
D50,-39.85140645792266,-75.65302781301253,-288.1887921017733,0.2067319918833732,0.2067319918833732,-0.2067319918807402
D51,-49.78194683395796,-68.51873215162148,-288.4089681231807,0.2683683775811687,0.18746328818616148,-0.18746328774665844
D52,-59.6325921609862,-61.275216646961205,-288.17032851524965,0.3006442786036132,0.18747295308295095,-0.18747295268019926
D53,-69.34915654530305,-54.027699784680564,-287.44489378942353,0.30029706712002735,0.18749151214099238,-0.1874915121803047
D54,-78.9524241427086,-46.69211093810151,-286.2501672128088,0.2680429131738151,0.18740600041157965,-0.18740600161542953
D55,-88.02539748977163,-39.129381548376145,-284.757764803171,0.21035793714628426,0.21035793714628426,-0.21035793691122096
E46,-96.92823425917264,-31.493592645394553,-282.7210224903385,0.12970872521827914,0.12970872521827914,-0.12970872525277266
E47,-94.18982085915471,-20.077914717491353,-284.6849018454962,0.13343868626913036,0.13343868626913036,-0.13343868655050972
E48,-91.29580247570014,-8.630204805706052,-286.1779714983772,0.11159426511045467,0.11159426511045467,-0.11159426551486851
E49,-87.82664360669844,2.9466724832226006,-287.3311740992635,0.06857230415687354,0.06857230415687354,-0.06857230422936933
E50,-84.20949831738747,14.513275465606487,-287.9960662375313,0.00570177626008217,0.00570177626008217,-0.0057017762248614545
E51,-80.47960623508499,26.1498284527294,-288.16109191331196,-0.07087983462400871,-0.07087983462400871,0.07087983463511449
E52,-76.61745755450161,37.737065606532084,-287.84617454880123,-0.15064874319375576,-0.15064874319375576,0.15064874323262467
E53,-72.71833952508955,49.19533609480848,-287.0691612764187,-0.22135956085321595,-0.2054203872508832,0.2054203870204736
E54,-68.71372311854121,60.57979050650661,-285.872515849695,-0.27008627107744587,-0.2091606149635543,0.20916061546177334
E55,-64.32694131886643,71.52723209652798,-284.36461767268156,-0.2827898814643959,-0.20467596137853775,0.2046759616441558
A46,-59.838302773896345,82.36084710218115,-282.40645777241696,-0.24739182714591834,-0.20467064028296753,0.20467064025245074
A57,-53.91711152530009,91.23156530953814,-280.90255326409914,-0.1725535593985228,-0.1725535593985228,0.17255355916489457
A58,-42.179458943362455,92.08691469358584,-282.63577675354946,-0.16329625377676393,-0.16329625377676393,0.16329625372785106
A59,-30.39579131940434,92.7883203199905,-283.9396367067042,-0.14134542355805024,-0.14134542355805024,0.1413454233852831
A60,-18.302533629771474,93.02162678222221,-284.9343745577729,-0.10773546269149392,-0.10773546269149392,0.10773546250454258
A61,-6.112640506765682,93.20684462145954,-285.4543227040136,-0.052058828260214796,-0.052058828260214796,0.05205882793480887
A62,6.114312827239848,93.23234452030364,-285.5324184316732,0.030111629785892546,0.030111629785892546,-0.03011162985067295
A63,18.316400780234257,93.0921058164901,-285.1502587585037,0.14598820721568018,0.11978504244696682,-0.11978504267303736
A64,30.43506278318323,92.90820313936703,-284.3064876644945,0.3065993225700936,0.2465898332576778,-0.24658983189225836
B61,86.82486968520176,34.64373378757105,-285.68302358442406,0.3491928393680723,0.18857464660436224,-0.18857464657488698
B62,90.61627708494045,23.010109002031342,-285.7162422691322,0.3004963399491771,0.22352652468913636,-0.22352652438271647
B63,94.20932446333937,11.34923115486863,-285.1931817859321,0.2782084663050455,0.16502152309447402,-0.16502152282262106
B64,97.76326571063534,-0.23518659785413118,-284.298863694451,0.28402944884447834,0.2385276808663518,-0.23852768037948557
B65,100.72375869831352,-11.671379934536029,-282.9441659663503,0.30423798513896827,0.16429767183909416,-0.16429767200765522
B66,103.56929265900119,-23.117345940994277,-281.28722973114054,0.34944788874702226,0.2385869225454864,-0.23858692265261894
C57,97.35194847231219,-42.16236854997606,-281.213193026352,0.1594568149445763,0.1594568149445763,-0.15945681490731456
C58,88.29086828564157,-49.72930721136883,-282.76281661739216,-0.028345063709252827,-0.028345063709252827,0.028345063714935392
C59,79.12698222348416,-57.19863856786807,-283.92755318168656,-0.15412343272333828,-0.15412343272333828,0.15412343272127904
C60,69.46030207171201,-64.47544666848215,-284.83977219258344,-0.2336199000873762,-0.2074367041815508,0.20743670405901504
C61,59.69961079203574,-71.7744798450502,-285.30695503989256,-0.27252729331280534,-0.20711526964149735,0.20711526990275475
C62,49.814231081397935,-78.95752390645703,-285.30695481552584,-0.28352788821604236,-0.2071156536437063,0.20711565447436753
C63,39.855859108745385,-85.98458358998701,-284.8397721968492,-0.27676104058946294,-0.20743672423923307,0.2074367233128327
C64,29.942341539563266,-92.91289554864245,-283.8774412065153,-0.26249859233502093,-0.20711547420885232,0.2071154739827885
C65,20.00060076771486,-99.27750439030902,-282.59452648101876,-0.2462805614344461,-0.20711528302500337,0.2071152829806362
C66,10.003498180550269,-105.48722008500023,-280.8702162369317,-0.2339357186932034,-0.20711518043837007,0.20711518060946643
D56,0.0,-111.51110010662077,-278.7161921659974,-0.22891077947633676,-0.2043278152795314,0.2043278157807462
D57,-10.005263879495123,-105.50583943893402,-280.91979211883813,-0.15412870951911373,-0.15412870951911373,0.15412870965309677
D58,-20.01009795161718,-99.32464581008476,-282.7287150595994,-0.06457025651741333,-0.06457025651741333,0.06457025651004233
D59,-29.965717946589578,-92.98543395254345,-284.0990683161541,0.02724931020384247,0.02724931020384247,-0.027249310070038835
D60,-39.8986491693754,-86.07689838704165,-285.1455819672242,0.11485604127182114,0.11485604127182114,-0.11485604114965842
D61,-49.87919669344124,-79.06049696766166,-285.6790400718357,0.18438328638706025,0.18438328638706025,-0.18438328686852556
D62,-59.7853007613567,-71.8775015045611,-285.71647101328125,0.2294994347512329,0.22376704100846878,-0.22376704103445233
D63,-69.55185850379623,-64.56043250467832,-285.2152228094078,0.2450450923003018,0.1882504680691791,-0.18825046799606482
D64,-79.22655872515267,-57.27061958077594,-284.28485876416505,0.22909677539354334,0.22371783708990906,-0.2237178371173456
D65,-88.35449677496628,-49.765145580097816,-282.96659500589277,0.18812342117280423,0.18812342117201067,-0.18812342114393954
D66,-97.34011099502547,-42.15724183101567,-281.1789990031464,0.12291040145709076,0.12291040145709076,-0.1229104020932068
E56,-106.13961307079015,-34.486585579403496,-278.94299022535097,0.03994860601051187,0.03994860601051187,-0.03994860608911566
E57,-103.5056325116461,-23.103136578245145,-281.1143330545865,0.05379574008691179,0.05379574008691179,-0.05379573977146168
E58,-100.68375856759133,-11.666744913671804,-282.831801180008,0.04493545383871833,0.04493545383871833,-0.044935453941918
E59,-97.69040095553879,-0.2350113089689854,-284.0869705367629,0.014456233474049895,0.014456233474049895,-0.014456233447224243
E60,-94.14735984644282,11.341766386762204,-285.00560071206775,-0.032670145374709136,-0.032670145374709136,0.03267014541657387
E61,-90.52034187204254,22.98574826048548,-285.41375523907254,-0.09474288030719435,-0.09474288030719435,0.09474288004972742
E62,-86.72353988688833,34.60330248522363,-285.34961446712464,-0.162230224704615,-0.162230224704615,0.16223022469876325
E63,-82.785248819297,46.137427470134355,-284.8416785902597,-0.22447870330199748,-0.2054276926130497,0.20542769260189342
E64,-78.83725002544779,57.56960391927137,-283.87903565485175,-0.2694339601854949,-0.20542951766201897,0.2054295170980418
E65,-74.53548625706846,68.5622584390325,-282.59684272974073,-0.283281426945166,-0.2046549138822147,0.20465491388509172
E66,-70.09627302437276,79.4604235181263,-280.867554651877,-0.2549646090469082,-0.2099599115921545,0.20995991239658496
A56,-65.55195162062168,90.22473188426208,-278.747508179791,-0.17059844714049177,-0.17059844714049177,0.1705984473780897
A68,-59.6206939532824,99.09120347742966,-277.19291422450505,-0.05091088733831839,-0.05091088733831839,0.0509108873789752
A69,-47.940467596996506,100.0189109299914,-279.1251905678688,-0.04531216129629456,-0.04531216129629456,0.04531216141428196
A70,-36.186907352431604,100.79622126612034,-280.6366424643187,-0.02318094978636509,-0.02318094978636509,0.023180949810551077
A71,-24.376438192786992,101.42198382603839,-281.72732171473876,0.017724445644603293,0.017724445644603293,-0.017724445663015675
A72,-12.20078119083345,101.69451548744468,-282.48315371160544,0.07834577386694264,0.07834577386694264,-0.07834577391067565
A73,0.0,101.79101387899595,-282.7509711789007,0.16693695536895348,0.11517983838607185,-0.11517983838612755
A74,12.20779595892228,101.75298415685958,-282.6455657556619,0.290115497826946,0.25110417258920076,-0.2511041725727099
C69,97.65107777622026,-52.77955249448723,-279.34488236253486,0.1910887638513259,0.1910887638513259,-0.19108876413665143
C70,88.53054892480651,-60.28112276541713,-280.6635274955751,0.005595200191919503,0.005595200191919503,-0.005595200183751814
C71,79.29821315559951,-67.69143893816431,-281.59604612114066,-0.12226023224394567,-0.12226023224394567,0.12226023168035871
C72,69.5785948497491,-75.0292342282118,-282.2147883455492,-0.20790930275484243,-0.20711547010880274,0.20711547073716918
C73,59.766600520813945,-82.2611564972581,-282.4474252458991,-0.2559894740099935,-0.2074367745202202,0.20743677422802786
C74,49.85610222084856,-89.35834799387214,-282.2147883893473,-0.2780022715253949,-0.20711539873487717,0.2071153993936532
C75,39.86339661110501,-96.30755347707456,-281.5164702649481,-0.2834512467431409,-0.2071153465774799,0.20711534665601672
C76,29.95210268791798,-102.75199696657603,-280.46449520286694,-0.2799870815878762,-0.2074369997724752,0.2074370007937305
C77,19.994205182577257,-109.03677108563424,-278.97482389374755,-0.27422113081121324,-0.20711527713447014,0.2071152771718272
C78,10.00488649680896,-115.15042959580661,-277.04845601057417,-0.2698334169606369,-0.2074368502391624,0.20743685031485715
D67,0.0,-121.08558894477164,-274.6921440653372,-0.2693169512348277,-0.20431373798523636,0.20431373688465349
D68,-10.004790495906656,-115.14932468120858,-277.0457976194202,-0.21958776457586282,-0.21031731825137734,0.2103173183535807
D69,-19.99818068115016,-109.05845114362538,-279.03029316617614,-0.1474271737372419,-0.1474271737372419,0.14725219175424087
D70,-29.966277560452177,-102.80062448614657,-280.5972253991838,-0.06537057979488736,-0.06537057979488736,0.06537058027942022
D71,-39.892858303093746,-96.37873114174803,-281.7245295936003,0.014747078096945643,0.014747078096945643,-0.014747078089604848
D72,-49.90503157600197,-89.44604530975026,-282.49175724562645,0.08749731035373998,0.08749731035373998,-0.0874973106318726
D73,-59.83594874954021,-82.35660555151829,-282.7751539184087,0.14088173140720528,0.14088173140720528,-0.14088173128817227
D74,-69.66577376501364,-75.12324255458387,-282.5683910472523,0.1690129645324987,0.1690129645324987,-0.1690129650658636
D75,-79.37522960588467,-67.75718259283508,-281.86953939448875,0.16937709786088817,0.16937709786088817,-0.16937709648946964
D76,-88.57150332950609,-60.30900893044675,-280.7933629911082,0.14456338851096007,0.14456338851096007,-0.14456338816465153
D77,-97.62005161809792,-52.76278312769055,-279.25612759721923,0.0955835675695198,0.0955835675695198,-0.09558356813647428
D78,-106.50621417538784,-45.13311648289923,-277.2651886903617,0.027401249882757384,0.027401249882757384,-0.027401249889717816
E67,-115.2172305671439,-37.436381564051736,-274.8305122875607,-0.05309880685445023,-0.05309880685445023,0.053098806889926964
E68,-112.67206272045487,-26.08319026204016,-277.21003833201667,-0.03235625746134474,-0.03235625746134474,0.032356257573920466
E69,-109.94338357001658,-14.686501682298,-279.13882224214257,-0.030643693479987633,-0.030643693479987633,0.030643693492385937
E70,-107.03600196643411,-3.267474997723624,-280.6132124093073,-0.04825908018597147,-0.04825908018597147,0.04825908021993852
E71,-103.95565607485774,8.155744921917995,-281.63282801850494,-0.08303820874573375,-0.08303820874573375,0.08303820917960181
E72,-100.41715049528011,19.808429089264507,-282.2873570613435,-0.1299238909318774,-0.1299238909318774,0.12992389099480528
E73,-96.71207568988659,31.423789267024738,-282.4699138213264,-0.18353542604285167,-0.18353542604285167,0.18353542669057354
E74,-92.85855783571643,42.98858335075132,-282.21638220730864,-0.23463359751980306,-0.20542012498496093,0.20542012521963038
E75,-88.85788842985113,54.48403834660383,-281.5145552519828,-0.2721731294504366,-0.20915757653400033,0.20915757724547146
E76,-84.62899992517829,65.52432549732148,-280.4670774714408,-0.28320331672529164,-0.20467331348412077,0.2046733137726373
E77,-80.26657470268123,76.46186872972612,-278.9770949921854,-0.25765175620949776,-0.20467162115141513,0.20467162026904573
E78,-75.78448418875533,87.28623076213205,-277.0723947820608,-0.18149842716127296,-0.18149842716127296,0.1814984267799611
A67,-71.211130991521,98.0138293741262,-274.8421680344535,-0.04036088933986548,-0.04036088933986548,0.04036088941651794
A80,-65.31222727577267,106.96004587276543,-273.1547458293394,0.13218771056807554,0.13218771056807554,-0.13218771057965784
A81,-53.66041856488148,107.959512290739,-275.28770244068454,0.1294774118072155,0.1294774118072155,-0.12947741165702942
A82,-41.907414698704066,108.81152553553045,-277.0072627903037,0.147842811045507,0.147842811045507,-0.14784281071710126
A83,-30.110360424996383,109.51296006012696,-278.3060486814367,0.18928044789163323,0.18928044789163323,-0.1892804474038754
A84,-18.31702116273832,109.91993506639244,-279.11369739122705,0.2524730521365086,0.13652959762237687,-0.13652959766044548
A85,-6.118417200030113,110.13010842865779,-279.6879198169917,0.3449568634169964,0.25145303566947524,-0.2514530359740763
C82,97.85691171240683,-63.39444723675146,-276.99529717650813,0.24489691294252225,0.13486019373108502,-0.134860193955868
C83,88.69104451853833,-70.86777907698233,-278.1848884876557,0.058419182457328134,0.058419182457328134,-0.05841918244332733
C84,79.3718401754832,-78.10455566923262,-278.9174627775925,-0.07476670729403168,-0.07476670729403168,0.07476670790026185
C85,69.58529977482702,-85.3811467327312,-279.29746314540336,-0.16826984162008785,-0.16826984162008785,0.16826984229894348
C86,59.69151640887027,-92.55114522208974,-279.26132631748493,-0.22599657773366744,-0.20711510996116153,0.20711511026149187
C87,49.733233667997084,-99.57819013404114,-278.79424943156056,-0.2584895085907988,-0.2074369396916539,0.20743694004724555
C88,39.9573317990319,-106.15575879092756,-277.9390384652752,-0.27465014945352095,-0.20711534615048743,0.2071153463443014
C89,30.01798940248412,-112.52836223458827,-276.68010745655374,-0.28109046141543104,-0.20711473779276282,0.20711473788431123
C90,20.022185890974676,-118.74807094352768,-274.97938069735477,-0.2830325165118097,-0.20711497700266593,0.2071149772467613
C91,10.01938721024823,-124.78090848888081,-272.84635201372805,-0.2835004123010094,-0.20711552159216237,0.2071155213233793
D79,0.0,-130.51473309742445,-270.33829932208175,-0.283482787340688,-0.205321310608654,0.20532131040751733
D80,-10.019480434754078,-124.78206950185387,-272.8488906885796,-0.26624336588218966,-0.20432240291690745,0.20432240275283053
D81,-20.022372253247532,-118.74917622546437,-274.98194014728966,-0.21811494080094462,-0.20432084690091523,0.20432084700732167
D82,-30.023456460620032,-112.54885658182876,-276.73049811437676,-0.15244184332658506,-0.15244184332658506,0.15244184343176315
D83,-39.97404742576281,-106.20016766307674,-278.0553106238943,-0.08153359997487541,-0.08153359997487541,0.08153360038641178
D84,-49.765250521632,-99.64229576529839,-278.97372930889765,-0.0141815717339,-0.0141815717339,0.014181571752397648
D85,-59.741229945507555,-92.62822560177561,-279.4939065736501,0.04289768214226797,0.04289768214226797,-0.04289768234449087
D86,-69.64282964362364,-85.4517358684414,-279.52837321494366,0.07994774860907228,0.07994774860907228,-0.07994774877737765
D87,-79.41622242316086,-78.14822929109653,-279.0734246891124,0.09316568088814847,0.09316568088814847,-0.09316568097242506
D88,-88.69811388643635,-70.87342779163136,-278.20706199267033,0.08236805016122162,0.08236805016122162,-0.08236805005266712
D89,-97.82901602231557,-63.376375627677795,-276.91633520201333,0.04918787616998088,0.04918787616998088,-0.04918787639798916
D90,-106.82174194049276,-55.77534312341841,-275.1658593205363,-0.0035378247488893066,-0.0035378247488893066,0.0035378247471213875
D91,-115.63036787694053,-48.10979447562977,-272.97102077545736,-0.06995156054261997,-0.06995156054261997,0.06995156026722515
E79,-124.15340483350107,-40.33905914072858,-270.3962377654776,-0.1409840117956378,-0.1409840117956378,0.1409840119583743
E80,-121.80571758824719,-29.03853713169865,-272.9268630064884,-0.118535123236029,-0.118535123236029,0.11853512318846327
E81,-119.16239914182262,-17.65855365246432,-275.0686847353705,-0.10962255894355621,-0.10962255894355621,0.10962255866700055
E82,-116.33276476995644,-6.22557922448649,-276.7633823800255,-0.11676317193428076,-0.11676317193428076,0.11676317194742536
E83,-113.33345592614792,5.199598518754742,-278.00240209536173,-0.13867837284561801,-0.13867837284561801,0.1386783734025001
E84,-110.08687296884935,16.52956650841355,-278.82777184389136,-0.1713417540275941,-0.1713417540275941,0.1713417542861848
E85,-106.4669214857635,28.170372904763262,-279.2594320584503,-0.2109384254077895,-0.2091515209618849,0.20915152099730028
E86,-102.6925259976473,39.79077059183206,-279.26289630242195,-0.24951270892086086,-0.20542760112470296,0.20542760011475125
E87,-98.76671279959128,51.32887505894417,-278.7961166027208,-0.27698039237083094,-0.2054266190654309,0.2054266183535467
E88,-94.72372263509841,62.39646156343039,-277.94131507240905,-0.28220562616718325,-0.20465652305163792,0.2046565221047043
E89,-90.42725512652723,73.39366842671653,-276.6774916056019,-0.25491503495783263,-0.20995319273320937,0.20995319347878927
E90,-86.00414577295196,84.30797238619012,-275.0026539472112,-0.18170786558010832,-0.18170786558010832,0.18170786565822894
E91,-81.49289149833184,95.11123408176306,-272.9893484817197,-0.049786983257149586,-0.049786983257149586,0.04978698329172904
A79,-76.80632030620191,105.71498219775921,-270.6614102845974,0.15347440458265282,0.15347440458265282,-0.15347440484013397
A93,-70.84663204463516,114.58472866452898,-268.7382801741596,0.38244645930797105,0.21441630373310774,-0.21441630399913159
A94,-59.30058918728698,115.73687582096906,-271.01421557557927,0.36973353674778764,0.19966724161947816,-0.19966724171392092
A95,-47.58744198093528,116.67421846970728,-272.9318700209814,0.3804914845679832,0.2144149921044668,-0.21441499237736927
C96,97.98978727803735,-73.96290293161225,-274.4381793627215,0.32232806066394915,0.2475606517442786,-0.24756065176717046
C97,88.73756316648603,-81.26459033165642,-275.39240981493873,0.13161969790382955,0.13161969790382955,-0.1316196978670976
C98,79.34904575499189,-88.42682218331437,-275.89870503905325,-0.007398206089021642,-0.007398206089021642,0.007398206063689017
C99,69.49812791901137,-95.65535382483566,-276.0340210373829,-0.10876481085722389,-0.10876481085722389,0.1087648106694803
C100,59.545540396227715,-102.73268492123155,-275.74360899608774,-0.1762633818195809,-0.1762633818195809,0.17626338247613593
C101,49.8095344156826,-109.38253262830128,-275.08200995040306,-0.21797575940132674,-0.20711489686302526,0.20711489677582828
C102,40.002557697851266,-115.87392956559411,-274.0228465497232,-0.24313268377403574,-0.20743697950402212,0.20743697956083018
C103,30.037675812659394,-122.18969646811256,-272.54915749515766,-0.2571565596049368,-0.20711484991906962,0.20711484967293492
C104,20.025661999569632,-128.3143330787065,-270.6471791773169,-0.26375200408045885,-0.20743698152607723,0.20743698131553012
C105,10.020646764235448,-134.1552496792138,-268.3630634092676,-0.2651238980616881,-0.20530652289318477,0.20530652202111566
D92,0.0,-139.78554699221522,-265.65829344398503,-0.2615183992241441,-0.20928104815588247,0.20928104841268147
D93,-10.020680264775729,-134.15569818053825,-268.36396058764615,-0.28333925245925684,-0.20430292697490388,0.20430292601990496
D94,-20.025469184435153,-128.31309761665844,-270.6445732773346,-0.2668634490887598,-0.21032735500816002,0.2103273553661844
D95,-30.037957561338462,-122.19084258826483,-272.55171396342723,-0.22452474085110907,-0.2042990900332095,0.20429909038302396
D96,-40.00771046274589,-115.88885538911214,-274.05814367533935,-0.16876892718028103,-0.16876892718028103,0.1687689270240229
D97,-49.825651164375884,-109.41792526568459,-275.1710175606212,-0.10998229138925808,-0.10998229138925808,0.10998229137080351
D98,-59.569140448736874,-102.77340160198403,-275.85289616701726,-0.057273902033728064,-0.057273902033728064,0.05727390210308991
D99,-69.51965492877025,-95.68498302200881,-276.1195224349397,-0.01574980960231187,-0.01574980960231187,0.01574980958068517
D100,-79.35272669578818,-88.43092423513066,-275.9115037663645,0.0065367705896619555,0.0065367705896619555,-0.006536770575928941
D101,-88.70101083904106,-81.23111623332096,-275.27897156871904,0.007826226321469676,0.007826226321469676,-0.007826226320759577
D102,-97.90547608458535,-73.89926466082343,-274.2020505673276,-0.011118715164741388,-0.011118715164741388,0.011118715170380877
D103,-106.98422337681922,-66.36122145805525,-272.692908591724,-0.048783735472909484,-0.048783735472909484,0.04878373563754623
D104,-115.88753867515697,-58.71741124234811,-270.7438769411505,-0.10018319432367662,-0.10018319432367662,0.10018319458470071
D105,-124.51243609543802,-50.99410732725369,-268.40505169967395,-0.1583378840800833,-0.1583378840800833,0.15833788402099547
E92,-132.94622009544435,-43.19643911511725,-265.66169809604577,-0.21526656772147135,-0.20543398265477716,0.2054339829506131
E93,-130.690710805712,-31.92731070844278,-268.3726911824183,-0.1945368429037444,-0.1945368429037444,0.19453684407152316
E94,-128.2330862247228,-20.607430818281667,-270.6691095889748,-0.18311259592024953,-0.18311259592024953,0.1831125958766977
E95,-125.50224943732773,-9.191400994556426,-272.5711613931211,-0.18287934921454507,-0.18287934921454507,0.18287934911374926
E96,-122.56980743659453,2.238551841456413,-274.0349219909885,-0.1942083938805581,-0.1942083938805581,0.19420839556774383
E97,-119.42069799665877,13.570545218981357,-275.08014796836466,-0.2146276183362943,-0.20914699967737746,0.20914700013148524
E98,-116.09435173114986,24.882971531495322,-275.716815336666,-0.24041219386077728,-0.20543587403461847,0.2054358742511586
E99,-112.41417603905185,36.52600559869523,-275.94517331920076,-0.2659093045833174,-0.2054203769011087,0.20542037763791754
E100,-108.54657015752055,48.108480407535055,-275.7133966407952,-0.2821355110937702,-0.2091581620933247,0.20915816141631405
E101,-104.59138957160366,59.21662609357983,-275.0842475101117,-0.27894176478105237,-0.204673315263607,0.20467331560996826
E102,-100.47280000466307,70.2321173918352,-274.0253759344535,-0.2465762562500231,-0.20466613054717553,0.20466613151630808
E103,-96.13353202293727,81.20814380567184,-272.579924420113,-0.17322761747232107,-0.17322761747232107,0.17322761735644132
E104,-91.67195119644462,92.08808833096231,-270.79329148819255,-0.04537433452549067,-0.04537433452549067,0.04537433467202456
E105,-87.06378319906536,102.76549903232551,-268.6786288510374,0.14768944408564266,0.14768944408564266,-0.14768944421392782
C112,88.68603102970816,-91.5827473255965,-272.2374943392506,0.231271706139637,0.209242792367026,-0.2092427924214133
C113,79.23120159991696,-98.6480159601636,-272.5478033651608,0.08533754719309172,0.08533754719309172,-0.08533754715577846
C114,69.31146480362828,-105.79839832418693,-272.448249272265,-0.02442128178722669,-0.02442128178722669,0.02442128177457903
C115,59.634058242096614,-112.53012448767701,-271.95888054779425,-0.098407115964676,-0.098407115964676,0.09840711530287383
C116,49.849264408311235,-119.09690319278047,-271.0749904869448,-0.14898688271819083,-0.14898688271819083,0.1489868835780186
C117,40.002674134088174,-125.46233287310405,-269.7968837920791,-0.1810638998222771,-0.1810638998222771,0.18106389843035098
C118,30.006648768100852,-131.68444384213282,-268.102640241985,-0.19960128697556456,-0.19960128697556456,0.19960128760391727
C119,20.04247190504285,-137.64003668877496,-266.0246590543633,-0.207114763872994,-0.207114763872994,0.2071147642460449
C120,10.024244246799796,-143.3879345232642,-263.5451569304438,-0.20530806901444976,-0.20530806901434834,0.2053080679678705
D106,0.0,-148.89883702979486,-260.6772474535324,-0.19388114075587737,-0.19388114075587737,0.1938811398064808
D107,-10.024372173921337,-143.3897644074206,-263.5485202337006,-0.26158222400800923,-0.20147705737620963,0.2014770575611542
D108,-20.042846009292695,-137.6426058191157,-266.02962455742045,-0.2830843424952718,-0.20151149649516356,0.20151149717015304
D109,-30.00618030866417,-131.6823880037465,-268.09845466255587,-0.27127110746903327,-0.204287970330784,0.20428797097397822
D110,-39.99877314871714,-125.45009802291595,-269.77057370857574,-0.23760019786118391,-0.2103406779910331,0.21034067734404482
D111,-49.84183763364114,-119.07915958363364,-271.0346044773027,-0.19371967183718652,-0.19371967183718652,0.193719672277751
D112,-59.624156307927194,-112.51143942887673,-271.9137231492983,-0.14827063330545798,-0.14827063330545798,0.1482706317632594
D113,-69.2917503636249,-105.76830581089025,-272.3707561089114,-0.10985785983024243,-0.10985785983024243,0.10985785977949591
D114,-79.18689629777008,-98.59285296799577,-272.39539733655437,-0.08269076309665024,-0.08269076309665024,0.08269076310414292
D115,-88.60281777854968,-91.49681611335816,-271.9820565129302,-0.07281589216580642,-0.07281589216580642,0.07281589227852159
D116,-97.88609705596647,-84.23153826952515,-271.13719678957415,-0.08008524995921107,-0.08008524995921107,0.08008524952910578
D117,-106.98817732372716,-76.83448366111308,-269.8664664180875,-0.10363524656685286,-0.10363524656685286,0.10363524649358014
D118,-115.98987993697996,-69.2436317099639,-268.15554931603526,-0.1403578120525708,-0.1403578120525708,0.14035781197751906
D119,-124.71980028662445,-61.599068646635175,-266.04437571746166,-0.1848658407923267,-0.1848658407923267,0.18486584115100202
D120,-133.2730998766961,-53.84315458751996,-263.5450534679943,-0.22987950775956278,-0.20542618751738992,0.20542618749596198
E106,-141.6047375009475,-46.00994276791259,-260.66398347729944,-0.26607652827635775,-0.20915667851215175,0.2091566794845583
E107,-139.46846079943583,-34.775203095926436,-263.5450543565745,-0.2522313231413591,-0.20542513173990526,0.2054251302301937
E108,-137.0982808999592,-23.4719376828421,-266.0261529743514,-0.24201743346054627,-0.20542916324716964,0.20542916283225376
E109,-134.5094546163555,-12.153683183650374,-268.0974397981078,-0.23827713844622167,-0.20542436019803045,0.2054243600849961
E110,-131.67289349221667,-0.7245042066578408,-269.77498734850764,-0.24232912835429943,-0.20542945175166935,0.20542945159205095
E111,-128.64796488814937,10.604743066376471,-271.0240354938211,-0.2526991911375944,-0.20542620829959587,0.20542620684764357
E112,-125.40648196070745,21.933990153623515,-271.8619596935154,-0.2666514291150861,-0.20542888548874527,0.2054288851076782
E113,-121.9640244638916,33.20586460282881,-272.28069489538075,-0.27915679310490304,-0.2091509384577639,0.20915093768429016
E114,-118.18992025642011,44.82632444307671,-272.28407052488774,-0.2833315168904278,-0.2054292968632194,0.2054292974576537
E115,-114.34844416208566,55.967844516141106,-271.86266051721526,-0.2703088278252608,-0.204655020686907,0.20465502143341396
E116,-110.30984702481857,67.03711286485664,-271.0199430791446,-0.23081344654866598,-0.20995907045300494,0.20995906970329314
E117,-106.11733113811133,77.99589206460142,-269.82084965148107,-0.1543958107718595,-0.1543958107718595,0.1543958093644333
E118,-101.73656162372056,88.94892282886674,-268.2565404696529,-0.027275905274166234,-0.027275905274166234,0.027275905297413416
E119,-97.23675737997773,99.6951684763347,-266.35024737341485,0.16029201797960013,0.16029201797960013,-0.16029201710099095
C128,88.50563497760484,-101.73847085583057,-268.6622526946106,0.36195637522627067,0.20526440872159907,-0.20526441011741214
C129,79.01980559794907,-108.76070820686047,-268.873062236718,0.20925355730560113,0.2092535573055771,-0.20925355709981508
C130,69.38471423627547,-115.57066801860151,-268.564009424347,0.09534052750274213,0.09534052750274213,-0.09534052738855814
C131,59.65626241629282,-122.20945412046629,-267.8696548309681,0.01340723215480466,0.01340723215480466,-0.013407232213448417
C132,49.845316476171625,-128.66745691896338,-266.7850519187559,-0.04328630060740579,-0.04328630060740579,0.04328630060502148
C133,39.964017978467346,-134.9332711906,-265.307749498174,-0.07952144369704683,-0.07952144369704683,0.07952144391643978
C134,30.025107436196805,-140.99754463895263,-263.43640392643175,-0.09894201218645549,-0.09894201218645549,0.09894201200969266
C135,20.0421617909983,-146.8511629659801,-261.17168741020674,-0.10395662155536911,-0.10395662155536911,0.10395662131896466
C136,10.02913846576306,-152.48493143130057,-258.51670651765687,-0.09466662695984951,-0.09466662695984951,0.09466662683642668
D121,0.0,-157.892046837176,-255.47570829018858,-0.07028929367174896,-0.07028929367174896,0.07028929424476416
D122,-10.02591675569934,-152.43594793786943,-258.43366190940156,-0.19113511406692396,-0.19113511406692396,0.19113511388417836
D123,-20.034855579884642,-146.79762953929173,-261.0764793430817,-0.25746211106701367,-0.2134270949238858,0.21342709653336267
D124,-30.014860599790545,-140.94942561800758,-263.346499510928,-0.28203561209960526,-0.20142733679496494,0.20142733756821674
D125,-39.94779798017457,-134.87850649127648,-265.2000703542441,-0.2774892545353964,-0.20141097841637262,0.20141097810031772
D126,-49.81859460032134,-128.59847880722035,-266.6420295138427,-0.2546243979940641,-0.20430632065386528,0.2043063206524498
D127,-59.61183358272458,-122.11843897339429,-267.6701596592891,-0.22318044013513827,-0.21032475432013023,0.2103247541886999
D128,-69.3184498893274,-115.46029479119976,-268.30752326750184,-0.1916409381997255,-0.1916409381997255,0.19164093834322227
D129,-78.92116030313696,-108.62493550982768,-268.53741141739897,-0.16601513571004034,-0.16601513571004034,0.16601513541372226
D130,-88.40059622564574,-101.6177273347245,-268.34340353061435,-0.15149451083516396,-0.15149451083516396,0.15149451164881023
D131,-97.74025093380835,-94.4496988674832,-267.7236219598152,-0.15036731386243218,-0.15036731386243218,0.15036731295964456
D132,-106.92465647513231,-87.13094585828215,-266.6794825783724,-0.1621401389206767,-0.1621401389206767,0.16214013919371828
D133,-115.93901503534403,-79.67573658027062,-265.214018465965,-0.18562209509008198,-0.18562209509008198,0.18562209508789218
D134,-124.77267541443963,-72.09948198945716,-263.3386862398352,-0.21658955931059154,-0.21033415138711026,0.21033415300950797
D135,-133.42610388070764,-64.41916292590719,-261.084432717445,-0.2486188753472902,-0.20428237230374519,0.20428237309146047
D136,-141.871354457232,-56.637457377464074,-258.4223397979556,-0.27396704276458195,-0.20428750877971052,0.2042875086038538
E121,-150.09781286917874,-48.76979734656811,-255.36164887105213,-0.2833729816836126,-0.20437426681667098,0.2043742676822038
E122,-148.06739896290898,-37.56842424090729,-258.4222717863221,-0.2816529212432215,-0.20436659438300492,0.20436659439942195
E123,-145.80630686792335,-26.308668967971016,-261.0801877455441,-0.2773954100408105,-0.20916323659195035,0.20916323705264706
E124,-143.3246244794428,-15.009729001624088,-263.3429971798125,-0.2745183865291665,-0.2054199541030694,0.2054199541657371
E125,-140.6183224281461,-3.6864314328718915,-265.19322331056566,-0.2747103722907127,-0.20916172470551803,0.20916172572643887
E126,-137.6987739520917,7.641770804116647,-266.64103990482784,-0.2778716422956222,-0.20542049295106227,0.20542049286055053
E127,-134.56334146068326,18.957790943445403,-267.6711970477105,-0.2820348659417391,-0.20916140677139466,0.20916140765366698
E128,-131.22390445143265,30.245303362307666,-268.29520757114676,-0.2832557161130467,-0.20542096116636474,0.20542096123593367
E129,-127.6804294838432,41.48661110249805,-268.50216649463283,-0.2759224792725945,-0.2054203923406811,0.20542039070078344
E130,-123.93844406763965,52.66230676381289,-268.291863701026,-0.25260455314327146,-0.2091624261424525,0.20916242589652745
E131,-120.00878024937138,63.758530621633945,-267.6752040326391,-0.20466762458056564,-0.20466762458056564,0.204667625609519
E132,-115.92414113895481,74.77658029341563,-266.71499822102464,-0.12215544508774201,-0.12215544508774201,0.12215544486719732
E133,-111.67534725756316,85.69772450647588,-265.38334034353477,0.006045110272793863,0.006045110272793863,-0.006045110273605214
E134,-107.23968896993527,96.48719025908032,-263.613879528912,0.19141354700087732,0.10336907837650043,-0.10336907848351018
C147,69.81110279614722,-126.73468862808915,-263.4956144806796,0.29638611225556133,0.20799284958202896,-0.20799285038513515
C148,60.01343629617485,-133.328612453661,-262.651772690083,0.2065518473746124,0.20655184737451565,-0.20655184738513555
C149,50.14604123097284,-139.68524705938853,-261.34331550183947,0.1446876170666087,0.1446876170666087,-0.1446876165849451
C150,40.09065364994381,-145.9175148853494,-259.6242580432275,0.10609102746030885,0.10609102746030885,-0.10609102735797271
C151,30.11214189635341,-151.87160310917324,-257.531530048804,0.09022935167644164,0.09022935167644164,-0.09022935162654289
C152,20.072501608937813,-157.62548532008975,-255.04486939343315,0.09433777050759318,0.09433777050759318,-0.09433777057449366
C153,10.036254916386923,-163.14628991100867,-252.1781740794151,0.11842314672702514,0.11842314672702514,-0.11842314672957799
D137,0.0,-166.7404649630673,-250.01926099681887,0.11979109149876876,0.11979109149876876,-0.11979109148030398
D138,-10.03134731908375,-163.0665135104429,-252.05486225270863,-0.028526386120859115,-0.028526386120859115,0.028526386122861958
D139,-20.055699743008823,-157.49354350621235,-254.83138181799723,-0.1571933206391236,-0.1571933206391236,0.1571933207117775
D140,-30.0829147322837,-151.72419492157636,-257.2815672162772,-0.2348592652326147,-0.20142938475184677,0.20142938480495043
D141,-40.048028079487715,-145.7623710614089,-259.3482178419386,-0.27322659605783883,-0.21341599607938458,0.21341599601666728
D142,-50.088292812492384,-139.52438486758408,-261.04235130246917,-0.28315432571116617,-0.2014207097499407,0.20142070914801358
D143,-59.93199194427896,-133.1476719326604,-262.29532745512796,-0.27575939372746916,-0.20140140989631117,0.20140140997092848
D144,-69.71535311870302,-126.56086519498044,-263.1342160915414,-0.26028649653460434,-0.20430726235105576,0.20430726344996275
D145,-79.37378659296198,-119.8030597394722,-263.55414024887364,-0.24291954387132364,-0.21032841478485353,0.21032841547305448
D146,-89.4137492485561,-112.51242938382158,-263.5595338977767,-0.2295831291239665,-0.20429897660047242,0.20429897660867846
D147,-98.82324561217776,-105.41226144225136,-263.13422339712156,-0.22435053496087676,-0.20429880823856683,0.20429880858102245
D148,-108.11072733313244,-98.14221121419287,-262.29280170110457,-0.22804497591454265,-0.20429224637306004,0.20429224724674744
D149,-117.21702716119879,-90.75123863217023,-261.03984757026996,-0.23995836475359056,-0.20430016680265287,0.2043001677597398
D150,-126.25657663582645,-83.13342390988306,-259.35609633650824,-0.25694799454038275,-0.20429689598678724,0.20429689612063062
D151,-135.0014300720892,-75.49462509410941,-257.2791187872801,-0.2733780008759368,-0.20428630805092274,0.20428630875731435
D152,-143.56310680445074,-67.73054190440635,-254.78627387276967,-0.2831380917103843,-0.2103398201293565,0.21033982024044495
D153,-151.90285154648697,-59.89761401820683,-251.91735625621925,-0.27697447839500455,-0.19239097537450336,0.19239097529811522
E137,-158.41558228508416,-51.47211251799973,-249.7600188652264,-0.2565435995443863,-0.19181436562657989,0.19181436607325342
E138,-158.08977244623992,-40.82440620444461,-251.90236522970042,-0.2654872416837861,-0.21025561699184642,0.21025561699471274
E139,-155.9591234697181,-29.58885599050451,-254.79133877698618,-0.2754036971111873,-0.2043722891947732,0.20437228897299775
E140,-153.5934366185319,-18.27455904073633,-257.27904949885385,-0.2795183919302531,-0.2043672582954309,0.20364340141604576
E141,-151.00829264180803,-6.9552648136833355,-259.35602884824016,-0.2805899900640725,-0.20437501442608225,0.20437501551035542
E142,-148.17302488502662,4.521921508807319,-261.03978601698907,-0.2795621621509099,-0.20437104904196668,0.2043710489494286
E143,-145.15028151771537,15.854206437620299,-262.2927308005401,-0.2754125654513473,-0.2043735609750704,0.20437356309635413
E144,-141.90968866814663,27.194486144109625,-263.13415971814135,-0.26549063691629726,-0.20437160489366218,0.2043716060493379
E145,-138.46822123452574,38.46819699694849,-263.5551659732121,-0.2449931143911499,-0.20916024706991124,0.20916024629808616
E146,-134.63557009537163,50.2696009660788,-263.55854926511927,-0.20542054530585574,-0.2054205453054067,0.20542054508407048
E147,-130.81845148166622,61.42491249533402,-263.1886681315722,-0.1421858096972528,-0.1421858096972528,0.14218580945071557
E148,-126.81478664084071,72.53018273308456,-262.4321604498181,-0.04479545520081274,-0.04479545520081274,0.04479545534914964
E149,-122.65484729123621,83.51986100348884,-261.30153775380984,0.09664339791061138,0.09664339791061138,-0.09664339815071155
E150,-118.26235460230372,94.53349782919481,-259.75653748682174,0.29623190192614857,0.25919999054478293,-0.25919998958561363
C168,40.138490792187596,-156.62461322597733,-253.42475849269638,0.3766894179595397,0.21038105153844494,-0.2103810514878819
C169,30.12355179679076,-162.4853162300195,-251.10528302458317,0.3703676414539814,0.2040892164439764,-0.20408921620477738
C170,20.06314100527845,-168.10064369421522,-248.40724553320038,0.3895696118706269,0.21037931940083854,-0.21037931975091761
C171,10.037914062836228,-171.8296435557214,-246.447396515508,0.37786687287842824,0.20405948800480023,-0.20405948816257036
D154,0.0,-175.3417167820051,-244.17539155305516,0.38725033983809,0.21038852509415115,-0.21038852518352713
D155,-10.036002597523613,-171.796922972413,-246.4004668798412,0.1867143239638267,0.1468171874264597,-0.1463109193598371
D156,-20.05145072944483,-168.00269577608626,-248.26250502529143,0.035221471033707985,0.035221471033707985,-0.03522147101965878
D157,-30.09258448029951,-162.31827967845945,-250.84714424916575,-0.10493474965210225,-0.10493474965210225,0.10493474896248256
D158,-40.08426284015282,-156.41301005291692,-253.08237627112464,-0.19574966544752215,-0.19574966544752215,0.19574966548178008
D159,-50.15644813827179,-150.29915859892841,-254.97732604961988,-0.24880722652716258,-0.2014143303405211,0.20141433029287237
D160,-60.147734506683854,-143.94565355361388,-256.4638522648805,-0.27488962974854303,-0.21343471837935854,0.21343471836589356
D161,-69.98344734597097,-137.48276132396725,-257.5264227292554,-0.28297263909041703,-0.20140633148590154,0.20140633086966542
D162,-79.70822688926467,-130.80125059156165,-258.1795974744372,-0.2814943723845431,-0.20139127864515943,0.20139127719490002
D163,-89.81417998905589,-123.61787602384851,-258.39755625830617,-0.27630672206635154,-0.2042878376072061,0.2042878362512892
D164,-99.76559933264664,-116.22356807331529,-258.17191210809176,-0.2727204600138293,-0.21032758121331924,0.21032758137514218
D165,-109.12733156074981,-109.04178977764772,-257.52393775677257,-0.27262282847971164,-0.20430323558706598,0.2043032348102154
D166,-118.3156026050077,-101.68675354738762,-256.46650767776055,-0.27594925406970106,-0.21032680708406568,0.21032680711255503
D167,-127.44346660029814,-94.14592769723632,-254.97487335171994,-0.2809897661343257,-0.20430232565637013,0.20430232865583609
D168,-136.3647563523736,-86.4524273089895,-253.07008703536562,-0.2834435759448297,-0.21032719017149398,0.21032719005471057
D169,-145.02690688728535,-78.75240773619134,-250.76415101387747,-0.2774018706625725,-0.20428787947916066,0.2042878799440464
D170,-153.46776352540738,-70.93159587241212,-248.07460460198126,-0.25545918713061155,-0.19216638148836412,0.19216638170380596
D171,-160.0897213127124,-62.555079237465016,-246.0955108480689,-0.22515240195969,-0.22515240195969,0.22515240149124383
E154,-166.54693891602258,-54.11349594919491,-243.86252696159073,-0.1747864430050754,-0.1747864430050754,0.17478644285625555
E155,-166.3003327894592,-43.49347503003341,-246.11868433767134,-0.19688663329884548,-0.19688663329884548,0.19688663277769258
E156,-165.84409471162135,-32.818657329454965,-248.06451972612055,-0.2087012833446238,-0.20437060937558585,0.20437060885649228
E157,-163.61570390185088,-21.531919088728117,-250.75916880058347,-0.22705227305351627,-0.2102522718171652,0.21025227098170252
E158,-161.14019477603983,-10.211048256287757,-253.07510493045686,-0.23560294366325252,-0.20437503246156324,0.20437503192791473
E159,-158.43833115579244,1.2571195242992994,-254.9698213304669,-0.2357193882776869,-0.2102503289757847,0.21025032913997754
E160,-155.4924398390596,12.722338557626067,-256.47159264222853,-0.227954350922289,-0.2043749584617969,0.2043749588015138
E161,-152.37607725490986,24.073139403728014,-257.51883627352373,-0.21025008407775658,-0.21025008407758436,0.21025008378117893
E162,-149.04195088036354,35.38985537966321,-258.19853234675816,-0.17937488540474078,-0.17937488540474078,0.17937488542795066
E163,-145.3599553683459,47.23106760226812,-258.4643232005315,-0.12672100257810825,-0.12672100257810825,0.12672100239128326
E164,-141.4418245993965,58.99995848954528,-258.3132145207984,-0.04602805738073812,-0.04602805738073812,0.04602805782570174
E165,-137.55095972104425,70.15443321532193,-257.7559035064927,0.06609933813143698,0.06609933813143698,-0.06609933818060387
E166,-133.4180433691806,81.19140119281346,-256.74866113198834,0.22183816866038342,0.11992905079989569,-0.11992905157204947
D174,-20.07275031642103,-176.6507714458903,-242.44509217811137,0.28215623686054414,0.24638986606223234,-0.24638986585460465
D175,-30.047598991974382,-172.69741221873073,-244.1076546134978,0.12601083653623846,0.12601083653623846,-0.12601083642925293
D176,-40.07287481406454,-166.88390287556442,-246.51069945069486,-0.027173141861055683,-0.027173141861055683,0.02717314190611564
D177,-50.167933590517194,-160.87891658701102,-248.51869346165685,-0.13267131255258846,-0.13267131255258846,0.13267131284151046
D178,-60.201410904422914,-154.61726735494653,-250.1766566099005,-0.20140294012605864,-0.20140294012605864,0.2014029402177837
D179,-70.11735311069118,-148.1525935284302,-251.502648375273,-0.24325823422896065,-0.20142533910012844,0.20142534080388108
D180,-79.90458103053993,-141.57233000347273,-252.35745233639432,-0.2650859855284011,-0.2134579758754438,0.21345797538445765
D181,-90.08366456370887,-134.54473646677866,-252.78820914484425,-0.2762968910927839,-0.20139763042735803,0.20139763045861292
D182,-100.12223418764985,-127.25063542169711,-252.78822002320297,-0.28027440238889767,-0.20138452300998427,0.20138452315223865
D183,-109.95653528834758,-119.7466675451837,-252.36759834754523,-0.28145757519371273,-0.20138913949339599,0.201389139181666
D184,-119.23400627756719,-112.46654654516625,-251.50266764574252,-0.2805586666547697,-0.20140215204479717,0.20140215176450282
D185,-128.44693660863817,-105.03354252962316,-250.17667917307853,-0.276737377362565,-0.20137580562590018,0.20137580460332782
D186,-137.47096665148615,-97.40464833269623,-248.46179960999038,-0.26758195436070764,-0.20141214220303516,0.20141214057429502
D187,-146.24717551224606,-89.62800612871924,-246.36534285064548,-0.2474262428647762,-0.20428973475478412,0.20428973425506558
D188,-154.78654538208426,-81.85164883115104,-243.83445199599137,-0.21033449833379336,-0.21033449833379336,0.21033449874728238
D189,-161.57796843017036,-73.57609253350826,-242.10849985478086,-0.17100437317367323,-0.17100437317367323,0.17100437320799888
D190,-168.17928973260612,-65.18369446918,-240.08257861644805,-0.11197059693557776,-0.11197059693557776,0.1119705968961493
E172,-174.5556353858638,-56.71581285112573,-237.77555338063507,-0.02747163758795068,-0.02747163758795068,0.02747163756221127
E173,-174.40098408017639,-46.12486636061333,-240.11934574721712,-0.06598341871887214,-0.06598341871887214,0.06598341877004454
E174,-174.01364735163565,-35.45743438112558,-242.17423683500337,-0.08948660138213427,-0.08948660138213427,0.08948660138384668
E175,-173.3998427015319,-24.77073489560428,-243.9239113532585,-0.10019925526228235,-0.10019925526228235,0.10019925507302929
E176,-171.04527415043745,-13.453484284820288,-246.4319668021101,-0.12310875259976228,-0.12310875259976228,0.12310875283169231
E177,-168.50927630519817,-2.0011316196886906,-248.52065579708773,-0.1303004256616873,-0.1303004256616873,0.1303004256008382
E178,-165.69595673707119,9.478079213467955,-250.24098308964656,-0.12421474223731366,-0.12421474223731366,0.12421474226193796
E179,-162.6214922359376,20.910733932008895,-251.58397952462872,-0.10434683827276103,-0.10434683827276103,0.10434683830939973
E180,-159.41378616459514,32.261853254394794,-252.480969634007,-0.06653081078610512,-0.06653081078610512,0.06653081107148306
E181,-155.90004213848295,44.12758735154553,-252.95543454846774,-0.002809092362554111,-0.002809092362554111,0.002809092349552067
E182,-152.1101448806033,55.95379049144478,-253.03372980990738,0.09017045946882263,0.09017045946882263,-0.09017045950974234
E183,-148.02225033399432,67.64371083220149,-252.6366599828532,0.21974228996731426,0.11866745248725749,-0.11866745267029621
E184,-144.02697513420463,78.76397793075617,-251.8855940557138,0.38994647135052674,0.25566637481284615,-0.2556663749105481
D195,-40.0074994327764,-177.14667331507644,-239.5979289587928,0.25051919276813805,0.24723166869424862,-0.2472316694303136
D196,-50.13593520639409,-171.24793966977845,-241.76648084496406,0.08411834361209003,0.08411834361209003,-0.08411834383017602
D197,-60.18323521128225,-165.1100693703996,-243.58729629254427,-0.036257208435358734,-0.036257208435358734,0.03625720832536583
D198,-70.13626034142462,-158.73731234755186,-245.05318120144625,-0.12047631969869599,-0.12047631969869599,0.12047631919546609
D199,-79.98092821180391,-152.1324643157047,-246.15592796658512,-0.17669266558624486,-0.17669266558624486,0.1766926652903551
D200,-90.21797640596554,-145.2145814064663,-246.7643557671808,-0.21123481514030118,-0.20139111405580057,0.2013911143323579
D201,-100.30437795400739,-138.05683383763093,-246.96409465876704,-0.23079109935895303,-0.21344944494747609,0.21344944447381464
D202,-110.22855712870307,-130.67534113751367,-246.76436698111957,-0.23964598914744784,-0.20137726964010133,0.20137726969877456
D203,-119.9567031050887,-123.06249468845633,-246.12578880846564,-0.24063240811227615,-0.21345176736710111,0.21345176740167426
D204,-129.26037935052054,-115.72436065090737,-244.98713839235,-0.23185527770721137,-0.2014027746654899,0.201402774307891
D205,-138.35042004608493,-108.19506329581556,-243.44358907582486,-0.21346021608775345,-0.2134602160869232,0.21346021632084744
D206,-147.2437431010701,-100.5111399501457,-241.55253860500213,-0.18178364602403008,-0.18178364602403008,0.18178364603384756
D207,-155.91699019790033,-92.67345766911303,-239.29621386303648,-0.13135998237123658,-0.13135998237123658,0.1313599825695222
D208,-162.84252109837237,-84.47309698314781,-237.77221853939648,-0.08497890521056206,-0.08497890521056206,0.08497890496280824
D209,-169.56919566688504,-76.16528177574693,-235.95348334761232,-0.018607772067468886,-0.018607772067468886,0.01860777211893172
D210,-176.09251825962818,-67.76047648465321,-233.84606148095602,0.07306234269873357,0.07306234269873357,-0.07306234276382995
E191,-182.37991119233982,-59.258116092908374,-231.4193063826812,0.19638932601537817,0.14767211693905516,-0.14767211691671456
E192,-182.32968235295147,-48.695269144916566,-233.89616455066928,0.1374407024826496,0.1374407024826496,-0.13744070236673078
E193,-182.02456780261477,-38.06551973318396,-236.045735341548,0.09883392011954584,0.09883392011954584,-0.0988339202092634
E194,-181.49322691885365,-27.39011217501489,-237.9012739527975,0.07802275795120295,0.07802275795120295,-0.07802275798651381
E195,-180.7352986789693,-16.68209805456639,-239.45972467630665,0.07381313763841035,0.07381313763841035,-0.07381313780677057
E196,-178.34133678735046,-5.235922952577393,-241.7414125177484,0.05296177970228655,0.05296177970228655,-0.052961779642971996
E197,-175.67862840772852,6.218062841439376,-243.6583480495551,0.05135557354736875,0.05135557354736875,-0.05135557384281375
E198,-172.750774616302,17.662056336707145,-245.20781538273084,0.0690068937013848,0.0690068937013848,-0.06900689375202917
E199,-169.56252757487945,29.082381338608954,-246.38875170626227,0.10727004309939048,0.10727004309939048,-0.10727004325590261
E200,-166.15093066976652,40.96915016539046,-247.00918433013106,0.17860585399802176,0.09645253854551389,-0.09645253849331015
E201,-162.553724560308,52.81727686910956,-247.35642607205997,0.28133823997308127,0.26343214364244744,-0.26343214373401214
D217,-60.01922628109738,-175.31236079035344,-236.7377888590719,0.23555376176187792,0.23555376176187792,-0.2355537626837907
D218,-70.05370629512963,-169.02323264709565,-238.37730618012748,0.09997381756471668,0.09997381756471668,-0.0999738176732583
D219,-79.96197759639057,-162.51817393182966,-239.6565311321145,0.002169919797836428,0.002169919797836428,-0.0021699198001323694
D220,-90.25998865058435,-155.84303827500275,-240.35220635681202,-0.0615961458269112,-0.0615961458269112,0.061596145910992384
D221,-100.42642296427375,-148.78418067347909,-240.7385543270502,-0.10458839563585798,-0.10458839563585798,0.10458839562840727
D222,-110.4600880581397,-141.4762752164778,-240.7190779845037,-0.12888301071512842,-0.12888301071512842,0.1288830107409904
D223,-120.29342609634583,-133.9665547654151,-240.2912877565728,-0.13771860839727879,-0.13771860839727879,0.13771860880242603
D224,-129.79606477894953,-126.21176189169827,-239.54806090064443,-0.13379414393222078,-0.13379414393222078,0.1337941437312571
D225,-139.00586624079267,-118.77230922043495,-238.21037354069492,-0.11046240048096934,-0.11046240048096934,0.11046240207713343
D226,-148.0350216404024,-111.14303895426133,-236.49705847511547,-0.07015172784667811,-0.07015172784667811,0.07015172735718056
D227,-156.8308014392142,-103.37329847872003,-234.4212737172099,-0.00785033493332321,-0.00785033493332321,0.007850334906662315
D228,-163.90188170088834,-95.34706728365597,-233.04888348806242,0.04432682459469106,0.04432682459469106,-0.044326824779478136
D229,-170.77511698409847,-87.1057236937679,-231.4271989339788,0.11634737675495899,0.11634737675495899,-0.11634737661090488
D230,-177.42189698697365,-78.72442751210379,-229.4506718375062,0.21501260580896542,0.13906594833986496,-0.13906594794349925
D231,-183.8808016908091,-70.28156186590653,-227.236510798001,0.34481042423038843,0.2462345768038613,-0.24623457617599787
E213,-189.86667455231657,-40.60779260104009,-229.5185422823087,0.37022308008886284,0.22796397089185721,-0.22796397089735176
E214,-189.40015747623286,-29.915014932776014,-231.47699630439726,0.33518683275167405,0.18101098134408525,-0.18101098150298522
E215,-188.75870848232782,-19.2125661156539,-233.19129529930385,0.32200724966457983,0.2279227660751588,-0.22792276616796325
E216,-187.7558314498127,-8.556027800972304,-234.56523818379776,0.32707181753323766,0.17662862880362207,-0.17662862851273875
E217,-185.2771003697924,2.9072391547667364,-236.7346329466876,0.31139451302948373,0.2315463513008585,-0.2315463490324139
E218,-182.4433343633544,14.397304447914651,-238.43553098402708,0.3210421942168864,0.17337245067550813,-0.17337245113661304
E219,-179.41205977984376,25.848077705048254,-239.8410985282561,0.3563220286016531,0.23351960112269066,-0.2335196001627593
D240,-79.82136891278192,-172.67107690720255,-232.78401316424052,0.28870581179683086,0.22472607426497176,-0.22472607427743418
D241,-90.20019877608651,-166.1443311872899,-233.69264193239837,0.18694567194359024,0.18694567194359024,-0.18694567288267128
D242,-100.41439764593059,-159.3244003507208,-234.18434983732357,0.11581253820781967,0.11581253820781967,-0.11581253914204392
D243,-110.53287936843161,-152.13493158327216,-234.3478084179564,0.06899038842374239,0.06899038842374239,-0.06899038900782317
D244,-120.46873636821415,-144.69954404852842,-234.12895902936603,0.04473266435223877,0.04473266435223877,-0.04473266439218393
D245,-130.0765146911053,-137.0594549380186,-233.5787511784496,0.04045399569452002,0.04045399569452002,-0.04045399582260112
D246,-139.475512107808,-129.1999104482706,-232.65305605818597,0.05560394403732971,0.05560394403732971,-0.0556039442360412
D247,-148.61370654382876,-121.66502053454968,-231.1116215111573,0.10131688847491205,0.10131688847491205,-0.10131688747533807
D248,-157.53285930103283,-113.94414024866374,-229.2234437912431,0.1718324908795239,0.1718324908795239,-0.17183249092774333
D249,-164.68611615388915,-105.97330665888798,-227.96666469513477,0.2257498419088506,0.13415885372821368,-0.13415885400839112
D250,-171.7117053041876,-97.91752143781012,-226.530384865356,0.30231738075036674,0.24723408126394186,-0.24723408159007088
D265,-110.38807431254656,-162.50697758387727,-227.56551183031286,0.3700415625121991,0.2330546040774543,-0.23305460398115962
D266,-120.41867452004217,-155.17229848886635,-227.52150022771616,0.3238923538445988,0.1749116226840759,-0.1749116227452452
D267,-130.1598282709833,-147.7184300364467,-227.1954969218931,0.30490821029007975,0.23288514333577148,-0.23288514417420947
D268,-139.6470022350394,-139.92735923478614,-226.40748805353542,0.31168273573189254,0.16831806130277616,-0.1683180617169564
D269,-148.93085033883239,-131.9729883601386,-225.3556694163005,0.34453288337709864,0.23688726996966974,-0.23688727018642397
