n,accept_if_x_at_most,reject_if_x_at_least
1,,
2,,
3,,
4,,
5,,
6,,
7,,
8,,8
9,,8
10,,8
11,,8
12,,8
13,,9
14,,9
15,,9
16,,9
17,,9
18,,9
19,,9
20,,9
21,,10
22,,10
23,,10
24,,10
25,,10
26,,10
27,,10
28,,10
29,,11
30,,11
31,,11
32,,11
33,,11
34,,11
35,,11
36,,11
37,,12
38,,12
39,,12
40,,12
41,,12
42,,12
43,0,12
44,0,12
45,0,13
46,0,13
47,0,13
48,0,13
49,0,13
50,0,13
51,0,13
52,0,13
53,0,14
54,0,14
55,0,14
56,0,14
57,1,14
58,1,14
59,1,14
60,1,14
61,1,15
62,1,15
63,1,15
64,1,15
65,1,15
66,1,15
67,1,15
68,1,15
69,1,16
70,1,16
71,2,16
72,2,16
73,2,16
74,2,16
75,2,16
76,2,16
77,2,16
78,2,17
79,2,17
80,2,17
81,2,17
82,2,17
83,2,17
84,2,17
85,3,17
86,3,18
87,3,18
88,3,18
89,3,18
90,3,18
91,3,18
92,3,18
93,3,18
94,3,19
95,3,19
96,3,19
97,3,19
98,4,19
99,4,19
100,4,19
101,4,19
102,4,20
103,4,20
104,4,20
105,4,20
106,4,20
107,4,20
108,4,20
109,4,20
110,4,21
111,4,21
112,5,21
113,5,21
114,5,21
115,5,21
116,5,21
117,5,21
118,5,22
119,5,22
120,5,22
121,5,22
122,5,22
123,5,22
124,5,22
125,5,22
126,6,23
127,6,23
128,6,23
129,6,23
130,6,23
131,6,23
132,6,23
133,6,23
134,6,24
135,6,24
136,6,24
137,6,24
138,6,24
139,6,24
140,7,24
141,7,24
142,7,25
143,7,25
144,7,25
145,7,25
146,7,25
147,7,25
148,7,25
149,7,25
150,7,26
151,7,26
152,7,26
153,7,26
154,8,26
155,8,26
156,8,26
157,8,26
158,8,26
159,8,27
160,8,27
161,8,27
162,8,27
163,8,27
164,8,27
165,8,27
166,8,27
167,9,28
168,9,28
169,9,28
170,9,28
171,9,28
172,9,28
173,9,28
174,9,28
175,9,29
176,9,29
177,9,29
178,9,29
179,9,29
180,9,29
181,10,29
182,10,29
183,10,30
184,10,30
185,10,30
186,10,30
187,10,30
188,10,30
189,10,30
190,10,30
191,10,31
192,10,31
193,10,31
194,10,31
195,11,31
196,11,31
197,11,31
198,11,31
199,11,32
200,11,32
201,11,32
202,11,32
203,11,32
204,11,32
205,11,32
206,11,32
207,11,33
208,11,33
209,12,33
210,12,33
211,12,33
212,12,33
213,12,33
214,12,33
215,12,34
216,12,34
217,12,34
218,12,34
219,12,34
220,12,34
221,12,34
222,12,34
223,13,35
224,13,35
225,13,35
226,13,35
227,13,35
228,13,35
229,13,35
230,13,35
231,13,36
232,13,36
233,13,36
234,13,36
235,13,36
236,13,36
237,14,36
238,14,36
239,14,37
240,14,37
241,14,37
242,14,37
243,14,37
244,14,37
245,14,37
246,14,37
247,14,37
248,14,38
249,14,38
250,15,38
251,15,38
252,15,38
253,15,38
254,15,38
255,15,38
256,15,39
257,15,39
258,15,39
259,15,39
260,15,39
261,15,39
262,15,39
263,15,39
264,16,40
265,16,40
266,16,40
267,16,40
268,16,40
269,16,40
270,16,40
271,16,40
272,16,41
273,16,41
274,16,41
275,16,41
276,16,41
277,16,41
278,17,41
279,17,41
280,17,42
281,17,42
282,17,42
283,17,42
284,17,42
285,17,42
286,17,42
287,17,42
288,17,43
289,17,43
290,17,43
291,17,43
292,18,43
293,18,43
294,18,43
295,18,43
296,18,44
297,18,44
298,18,44
299,18,44
300,18,44
301,18,44
302,18,44
303,18,44
304,18,45
305,18,45
306,19,45
307,19,45
308,19,45
309,19,45
310,19,45
311,19,45
312,19,46
313,19,46
314,19,46
315,19,46
316,19,46
317,19,46
318,19,46
319,20,46
320,20,47
321,20,47
322,20,47
323,20,47
324,20,47
325,20,47
326,20,47
327,20,47
328,20,48
329,20,48
330,20,48
331,20,48
332,20,48
333,21,48
334,21,48
335,21,48
336,21,48
337,21,49
338,21,49
339,21,49
340,21,49
341,21,49
342,21,49
343,21,49
344,21,49
345,21,50
346,21,50
347,22,50
348,22,50
349,22,50
350,22,50
351,22,50
352,22,50
353,22,51
354,22,51
355,22,51
356,22,51
357,22,51
358,22,51
359,22,51
360,22,51
361,23,52
362,23,52
363,23,52
364,23,52
365,23,52
366,23,52
367,23,52
368,23,52
369,23,53
370,23,53
371,23,53
372,23,53
373,23,53
374,23,53
375,24,53
376,24,53
377,24,54
378,24,54
379,24,54
380,24,54
381,24,54
382,24,54
383,24,54
384,24,54
385,24,55
386,24,55
387,24,55
388,24,55
389,25,55
390,25,55
391,25,55
392,25,55
393,25,56
394,25,56
395,25,56
396,25,56
397,25,56
398,25,56
399,25,56
400,25,56
401,25,57
402,26,57
403,26,57
404,26,57
405,26,57
406,26,57
407,26,57
408,26,57
409,26,58
410,26,58
411,26,58
412,26,58
413,26,58
414,26,58
415,26,58
416,27,58
417,27,58
418,27,59
419,27,59
420,27,59
421,27,59
422,27,59
423,27,59
424,27,59
425,27,59
426,27,60
427,27,60
428,27,60
429,27,60
430,28,60
431,28,60
432,28,60
433,28,60
434,28,61
435,28,61
436,28,61
437,28,61
438,28,61
439,28,61
440,28,61
441,28,61
442,28,62
443,28,62
444,29,62
445,29,62
446,29,62
447,29,62
448,29,62
449,29,62
450,29,63
451,29,63
452,29,63
453,29,63
454,29,63
455,29,63
456,29,63
457,29,63
458,30,64
459,30,64
460,30,64
461,30,64
462,30,64
463,30,64
464,30,64
465,30,64
466,30,65
467,30,65
468,30,65
469,30,65
470,30,65
471,30,65
472,31,65
473,31,65
474,31,66
475,31,66
476,31,66
477,31,66
478,31,66
479,31,66
480,31,66
481,31,66
482,31,67
483,31,67
484,31,67
485,32,67
486,32,67
487,32,67
488,32,67
489,32,67
490,32,68
491,32,68
492,32,68
493,32,68
494,32,68
495,32,68
496,32,68
497,32,68
498,32,69
499,33,69
500,33,69
1000,69,131
2000,141,254
